DIRECTION,SESSION,DATE,SQUARE,TREATMENT,QUAD,DEPTH,URCHIN,LIMPET,ABALONE,CORALLINE,SPONGE,SCUNGE,COLPOMEN,CYST,MACRO,SARG,GIFF,DRIFT,ANNUAL,FILAMENTOUS,PERENNIAL,TOTALGWMAC,TOTALGWOMAC,URCHINCAT,LIMPETCAT
STH,1,4.5.94,1S,C,LF,3.37,4,1,2,10,0,0,0,0,0,0,0,0,0,0,0,0,0,C,C
STH,1,4.5.94,1S,C,RF,3.37,11,5,3,5,0,0,0,0,0,0,0,0,0,0,0,0,0,C,C
STH,1,4.5.94,1S,C,RB,4.309,3,6,0,4,0,0,0,0,0,0,0,0,0,0,0,0,0,C,C
STH,1,4.5.94,1S,C,LB,4.309,11,5,1,4,0,0,0,0,0,0,0,0,0,0,0,0,0,C,C
STH,1,4.5.94,1S,C,DM,3.683,4,1,0,5,0,0,0,0,0,0,0,0,0,0,0,0,0,C,C
STH,1,4.5.94,1S,C,UM,3.683,7,3,2,3,0,0,0,0,0,0,0,0,0,0,0,0,0,C,C
STH,1,4.5.94,1S,C,MF,2.7,4,3,0,5,0,0,0,0,0,0,0,0,0,0,0,0,0,C,C
STH,1,4.5.94,1S,C,RM,3.1,3,5,0,2,0,0,0,0,0,0,0,0,0,0,0,0,0,C,C
STH,1,4.5.94,1S,C,MB,3.4,4,4,0,15,0,0,0,0,0,0,0,0,0,0,0,0,0,C,C
STH,1,4.5.94,1S,C,LM,4.2,3,1,1,2,0,0,0,0,0,0,0,0,0,0,0,0,0,C,C
STH,1,4.5.94,2S,U,LF,3.057,14,14,1,40,0,0,0,0,0,0,0,0,0,0,0,0,0,U,C
STH,1,4.5.94,2S,U,RF,3.057,5,12,0,20,0,0,0,0,0,0,0,0,0,0,0,0,0,U,C
STH,1,4.5.94,2S,U,RB,3.996,1,1,0,5,0,0,0,0,0,0,0,0,0,0,0,0,0,U,C
STH,1,4.5.94,2S,U,LB,3.996,8,0,0,6,0,0,0,0,0,0,0,0,0,0,0,0,0,U,C
STH,1,4.5.94,2S,U,DM,3.683,4,2,1,6,0,0,0,0,0,0,0,0,0,0,0,0,0,U,C
STH,1,4.5.94,2S,U,UM,3.37,5,9,2,10,0,0,0,0,0,0,0,0,0,0,0,0,0,U,C
STH,1,4.5.94,2S,U,MF,3.4,2,4,0,10,0,0,0,0,0,0,0,0,0,0,0,0,0,U,C
STH,1,4.5.94,2S,U,RM,2.9,13,24,1,40,0,0,0,0,0,0,0,0,0,0,0,0,0,U,C
STH,1,4.5.94,2S,U,MB,3.5,6,3,0,20,0,0,0,0,0,0,0,0,0,0,0,0,0,U,C
STH,1,4.5.94,2S,U,LM,4,4,0,1,5,0,0,0,0,0,0,0,0,0,0,0,0,0,U,C
STH,1,4.5.94,3S,UAL,LF,3.057,2,11,1,15,0,0,0,0,0,0,0,0,0,0,0,0,0,U,L
STH,1,4.5.94,3S,UAL,RF,3.37,4,14,0,15,0,0,0,0,0,0,0,0,0,0,0,0,0,U,L
STH,1,4.5.94,3S,UAL,RB,3.683,1,5,0,7,0,0,0,0,0,0,0,0,0,0,0,0,0,U,L
STH,1,4.5.94,3S,UAL,LB,3.996,4,0,0,4,2,0,0,0,0,0,0,0,0,0,0,0,0,U,L
STH,1,4.5.94,3S,UAL,DM,3.683,2,4,0,15,0,0,0,0,0,0,0,0,0,0,0,0,0,U,L
STH,1,4.5.94,3S,UAL,UM,3.37,5,5,1,20,0,0,0,0,0,0,0,0,0,0,0,0,0,U,L
STH,1,4.5.94,3S,UAL,MF,3.4,2,1,1,4,0,0,0,0,0,0,0,0,0,0,0,0,0,U,L
STH,1,4.5.94,3S,UAL,RM,2.1,6,18,0,15,1,0,0,0,0,0,0,0,0,0,0,0,0,U,L
STH,1,4.5.94,3S,UAL,MB,3.3,1,15,0,20,0,0,0,0,0,0,0,0,0,0,0,0,0,U,L
STH,1,4.5.94,3S,UAL,LM,3.6,6,5,0,7,1,0,0,0,0,0,0,0,0,0,0,0,0,U,L
STH,1,4.5.94,4S,AL,LF,3.37,2,11,0,4,10,0,0,0,0,0,0,0,0,0,0,0,0,C,L
STH,1,4.5.94,4S,AL,RF,3.057,2,15,0,4,0,0,0,0,0,0,0,0,0,0,0,0,0,C,L
STH,1,4.5.94,4S,AL,RB,4.309,2,2,0,2,2,0,0,0,0,0,0,0,0,0,0,0,0,C,L
STH,1,4.5.94,4S,AL,LB,3.996,3,2,0,4,0,0,0,0,0,0,0,0,0,0,0,0,0,C,L
STH,1,4.5.94,4S,AL,DM,3.683,7,2,1,4,1,0,0,0,0,0,0,0,0,0,0,0,0,C,L
STH,1,4.5.94,4S,AL,UM,3.37,2,12,0,6,1,0,0,0,0,0,0,0,0,0,0,0,0,C,L
STH,1,4.5.94,4S,AL,MF,3.2,3,2,0,4,2,0,0,0,0,0,0,0,0,0,0,0,0,C,L
STH,1,4.5.94,4S,AL,RM,2.4,3,15,0,3,0,0,0,0,0,0,0,0,0,0,0,0,0,C,L
STH,1,4.5.94,4S,AL,MB,3.5,3,3,1,10,0,0,0,0,0,0,0,0,0,0,0,0,0,C,L
STH,1,4.5.94,4S,AL,LM,3.9,4,1,0,2,1,0,0,0,0,0,0,0,0,0,0,0,0,C,L
STH,1,4.5.94,5S,UAL,LF,2.6,1,15,1,2,0,0,0,0,0,0,0,0,0,0,0,0,0,U,L
STH,1,4.5.94,5S,UAL,RF,2.7,4,11,0,3,0,0,0,0,0,0,0,0,0,0,0,0,0,U,L
STH,1,4.5.94,5S,UAL,RB,4.1,8,0,3,2,0,0,0,0,0,0,0,0,0,0,0,0,0,U,L
STH,1,4.5.94,5S,UAL,LB,4.3,2,0,1,2,0,0,0,0,0,0,0,0,0,0,0,0,0,U,L
STH,1,4.5.94,5S,UAL,DM,3.7,1,4,0,3,5,0,0,0,0,0,0,0,0,0,0,0,0,U,L
STH,1,4.5.94,5S,UAL,UM,3.3,5,7,2,4,0,0,0,0,0,0,0,0,0,0,0,0,0,U,L
STH,1,4.5.94,5S,UAL,MF,2.6,0,21,0,10,0,0,0,0,0,0,0,0,0,0,0,0,0,U,L
STH,1,4.5.94,5S,UAL,RM,3.6,12,1,4,20,0,0,0,0,0,0,0,0,0,0,0,0,0,U,L
STH,1,4.5.94,5S,UAL,MB,4.3,0,1,0,2,2,0,0,0,0,0,0,0,0,0,0,0,0,U,L
STH,1,4.5.94,5S,UAL,LM,3.9,3,2,1,5,0,0,0,0,0,0,0,0,0,0,0,0,0,U,L
STH,1,4.5.94,6S,U,LF,3,2,13,1,2,0,0,0,0,0,0,0,0,0,0,0,0,0,U,C
STH,1,4.5.94,6S,U,RF,2.7,1,40,0,20,2,0,0,0,0,0,0,0,0,0,0,0,0,U,C
STH,1,4.5.94,6S,U,RB,3.1,7,12,0,2,0,0,0,0,0,0,0,0,0,0,0,0,0,U,C
STH,1,4.5.94,6S,U,LB,2.9,1,3,0,4,0,0,0,0,0,0,0,0,0,0,0,0,0,U,C
STH,1,4.5.94,6S,U,DM,2.9,0,15,2,6,20,0,0,0,0,0,0,0,0,0,0,0,0,U,C
STH,1,4.5.94,6S,U,UM,2.9,2,10,0,2,1,0,0,0,0,0,0,0,0,0,0,0,0,U,C
STH,1,4.5.94,6S,U,MF,3,3,22,0,15,0,0,0,0,0,0,0,0,0,0,0,0,0,U,C
STH,1,4.5.94,6S,U,RM,2.8,1,21,0,8,0,0,0,0,0,0,0,0,0,0,0,0,0,U,C
STH,1,4.5.94,6S,U,MB,3.5,1,0,0,2,0,0,0,0,0,0,0,0,0,0,0,0,0,U,C
STH,1,4.5.94,6S,U,LM,3.5,2,5,2,2,0,0,0,0,0,0,0,0,0,0,0,0,0,U,C
STH,1,4.5.94,7S,C,LF,2.9,13,0,0,4,0,0,0,0,0,0,0,0,0,0,0,0,0,C,C
STH,1,4.5.94,7S,C,RF,2.8,0,0,3,1,0,0,0,0,0,0,0,0,0,0,0,0,0,C,C
STH,1,4.5.94,7S,C,RB,3.6,7,0,0,2,0,0,0,0,0,0,0,0,0,0,0,0,0,C,C
STH,1,4.5.94,7S,C,LB,3.6,5,5,2,10,0,0,0,0,0,0,0,0,0,0,0,0,0,C,C
STH,1,4.5.94,7S,C,DM,3.2,3,6,0,15,0,0,0,0,0,0,0,0,0,0,0,0,0,C,C
STH,1,4.5.94,7S,C,UM,2.5,5,42,0,20,0,0,0,0,0,0,0,0,0,0,0,0,0,C,C
STH,1,4.5.94,7S,C,MF,2.9,14,10,1,5,0,0,0,0,0,0,0,0,0,0,0,0,0,C,C
STH,1,4.5.94,7S,C,RM,3.5,5,5,0,2,4,0,0,0,0,0,0,0,0,0,0,0,0,C,C
STH,1,4.5.94,7S,C,MB,4.2,3,0,1,2,0,0,0,0,0,0,0,0,0,0,0,0,0,C,C
STH,1,4.5.94,7S,C,LM,3.1,4,12,2,30,0,0,0,0,0,0,0,0,0,0,0,0,0,C,C
STH,1,4.5.94,8S,AL,LF,2.6,2,14,0,4,0,0,0,0,0,0,0,0,0,0,0,0,0,C,L
STH,1,4.5.94,8S,AL,RF,2.3,0,35,0,10,0,0,0,0,0,0,0,0,0,0,0,0,0,C,L
STH,1,4.5.94,8S,AL,RB,4,6,0,0,4,0,0,0,0,0,0,0,0,0,0,0,0,0,C,L
STH,1,4.5.94,8S,AL,LB,4,5,1,0,15,0,0,0,0,0,0,0,0,0,0,0,0,0,C,L
STH,1,4.5.94,8S,AL,DM,3.8,9,6,0,5,0,0,0,0,0,0,0,0,0,0,0,0,0,C,L
STH,1,4.5.94,8S,AL,UM,2.6,5,20,0,7,2,0,0,0,0,0,0,0,0,0,0,0,0,C,L
STH,1,4.5.94,8S,AL,MF,2.7,2,44,0,35,0,0,0,0,0,0,0,0,0,0,0,0,0,C,L
STH,1,4.5.94,8S,AL,RM,3.8,5,4,0,5,0,0,0,0,0,0,0,0,0,0,0,0,0,C,L
STH,1,4.5.94,8S,AL,MB,4.3,4,3,0,15,0,0,0,0,0,0,0,0,0,0,0,0,0,C,L
STH,1,4.5.94,8S,AL,LM,3.7,5,5,1,10,5,0,0,0,0,0,0,0,0,0,0,0,0,C,L
STH,2,8.10.94,1S,C,LF,3.9,6,5,0,8,0,0,0,0,0,0,0,0,0,0,0,0,0,C,C
STH,2,8.10.94,1S,C,MF,3.7,2,4,0,15,0,0,0,0,0,0,0,0,0,0,0,0,0,C,C
STH,2,8.10.94,1S,C,RF,3.7,3,17,0,20,2,0,0,0,0,0,0,0,0,0,0,0,0,C,C
STH,2,8.10.94,1S,C,RM,3.8,7,1,0,10,2,0,0,0,0,0,0,0,0,0,0,0,0,C,C
STH,2,8.10.94,1S,C,RB,4.6,6,0,0,2,0,0,0,0,0,0,0,0,0,0,0,0,0,C,C
STH,2,8.10.94,1S,C,MB,4.7,7,0,1,2,0,0,0,0,0,0,0,0,0,0,0,0,0,C,C
STH,2,8.10.94,1S,C,LB,4.6,11,0,0,2,1,0,0,0,0,0,0,0,0,0,0,0,0,C,C
STH,2,8.10.94,1S,C,LM,4.3,8,1,0,2,0,0,0,0,0,0,0,0,0,0,0,0,0,C,C
STH,2,8.10.94,1S,C,UM,3.9,2,3,0,6,0,0,0,0,0,0,0,0,0,0,0,0,0,C,C
STH,2,8.10.94,1S,C,DM,3.9,6,1,1,4,0,0,0,0,0,0,0,0,0,0,0,0,0,C,C
STH,2,8.10.94,2S,U,LF,3.4,0,9,0,4,0,0,0,0,0,0,0,0,0,0,0,0,0,U,C
STH,2,8.10.94,2S,U,MF,3.4,0,10,0,0,12,0,10,0,0,0,0,0,10,0,0,10,10,U,C
STH,2,8.10.94,2S,U,RF,3.6,0,2,2,15,0,0,0,0,0,0,0,0,0,0,0,0,0,U,C
STH,2,8.10.94,2S,U,RM,3.7,0,3,0,12,0,0,0,0,0,0,0,0,0,0,0,0,0,U,C
STH,2,8.10.94,2S,U,RB,4.4,2,0,0,3,0,0,1,0,0,0,0,0,1,0,0,1,1,U,C
STH,2,8.10.94,2S,U,MB,4.3,0,0,0,20,0,0,0,0,0,0,0,0,0,0,0,0,0,U,C
STH,2,8.10.94,2S,U,LB,4.5,1,0,0,4,0,0,1,0,0,0,0,0,1,0,0,1,1,U,C
STH,2,8.10.94,2S,U,LM,4,2,6,0,20,0,0,1,0,0,0,0,0,1,0,0,1,1,U,C
STH,2,8.10.94,2S,U,UM,3.8,0,5,0,5,0,0,0,0,0,0,0,0,0,0,0,0,0,U,C
STH,2,8.10.94,2S,U,DM,4,0,2,1,20,0,0,1,0,0,0,0,0,1,0,0,1,1,U,C
STH,2,8.10.94,3S,UAL,LF,3,0,4,1,2,0,0,0,0,0,0,0,0,0,0,0,0,0,U,L
STH,2,8.10.94,3S,UAL,MF,3,0,1,0,20,0,0,0,0,0,0,0,0,0,0,0,0,0,U,L
STH,2,8.10.94,3S,UAL,RF,3.5,1,2,0,5,0,0,0,0,0,0,0,0,0,0,0,0,0,U,L
STH,2,8.10.94,3S,UAL,RM,3.8,0,0,0,10,0,0,0,0,0,0,0,0,0,0,0,0,0,U,L
STH,2,8.10.94,3S,UAL,RB,4.3,1,0,1,2,0,0,0,0,0,0,0,0,0,0,0,0,0,U,L
STH,2,8.10.94,3S,UAL,MB,4.2,0,0,0,15,1,0,0,0,0,0,0,0,0,0,0,0,0,U,L
STH,2,8.10.94,3S,UAL,LB,4.5,0,0,0,2,1,0,0,0,0,0,0,0,0,0,0,0,0,U,L
STH,2,8.10.94,3S,UAL,LM,3.8,2,0,0,2,2,0,0,0,0,0,0,0,0,0,0,0,0,U,L
STH,2,8.10.94,3S,UAL,UM,3.9,0,1,0,6,0,0,0,0,0,0,0,0,0,0,0,0,0,U,L
STH,2,8.10.94,3S,UAL,DM,4.1,0,0,1,2,0,0,0,0,0,0,0,0,0,0,0,0,0,U,L
STH,2,8.10.94,4S,AL,LF,2.8,3,8,2,15,0,0,0,0,0,0,0,0,0,0,0,0,0,C,L
STH,2,8.10.94,4S,AL,MF,2.7,6,4,2,6,0,0,0,0,0,0,0,0,0,0,0,0,0,C,L
STH,2,8.10.94,4S,AL,RF,3,4,3,1,6,0,0,0,0,0,0,0,0,0,0,0,0,0,C,L
STH,2,8.10.94,4S,AL,RM,3.5,2,1,1,5,0,0,1,0,0,0,0,0,1,0,0,1,1,C,L
STH,2,8.10.94,4S,AL,RB,4.4,3,1,0,6,0,0,0,0,0,0,0,0,0,0,0,0,0,C,L
STH,2,8.10.94,4S,AL,MB,4.4,4,0,0,8,4,0,0,0,0,0,0,0,0,0,0,0,0,C,L
STH,2,8.10.94,4S,AL,LB,4.3,0,0,0,1,0,0,0,0,0,0,0,0,0,0,0,0,0,C,L
STH,2,8.10.94,4S,AL,LM,3.8,4,0,0,8,4,0,0,0,0,0,0,0,0,0,0,0,0,C,L
STH,2,8.10.94,4S,AL,UM,3.3,3,6,0,5,4,0,0,0,0,0,0,0,0,0,0,0,0,C,L
STH,2,8.10.94,4S,AL,DM,3.6,4,2,0,15,0,0,1,0,0,0,0,0,1,0,0,1,1,C,L
STH,2,8.10.94,5S,UAL,LF,2.8,0,0,1,6,0,0,0,0,0,0,0,0,0,0,0,0,0,U,L
STH,2,8.10.94,5S,UAL,MF,3.3,0,2,1,7,0,0,0,0,0,0,0,0,0,0,0,0,0,U,L
STH,2,8.10.94,5S,UAL,RF,3.3,0,1,2,3,0,0,0,0,0,0,0,0,0,0,0,0,0,U,L
STH,2,8.10.94,5S,UAL,RM,3.8,0,0,0,2,0,0,0,0,0,0,0,0,0,0,0,0,0,U,L
STH,2,8.10.94,5S,UAL,RB,4.5,1,0,2,2,0,0,0,0,0,0,0,0,0,0,0,0,0,U,L
STH,2,8.10.94,5S,UAL,MB,4.4,2,0,1,3,0,0,1,0,0,0,0,0,1,0,0,1,1,U,L
STH,2,8.10.94,5S,UAL,LB,4.4,0,0,0,2,0,0,0,0,0,0,0,0,0,0,0,0,0,U,L
STH,2,8.10.94,5S,UAL,LM,3.8,0,1,1,6,0,0,0,0,0,0,0,0,0,0,0,0,0,U,L
STH,2,8.10.94,5S,UAL,UM,3.3,0,0,0,6,2,0,0,0,0,0,0,0,0,0,0,0,0,U,L
STH,2,8.10.94,5S,UAL,DM,3.7,1,1,0,4,2,0,0,0,0,0,0,0,0,0,0,0,0,U,L
STH,2,8.10.94,6S,U,LF,2.9,0,8,1,6,2,0,0,0,0,0,0,0,0,0,0,0,0,U,C
STH,2,8.10.94,6S,U,MF,3.3,0,4,0,2,0,0,1,0,0,0,0,0,1,0,0,1,1,U,C
STH,2,8.10.94,6S,U,RF,3,0,15,0,10,2,0,0,0,0,0,0,0,0,0,0,0,0,U,C
STH,2,8.10.94,6S,U,RM,2.9,1,21,1,6,0,0,0,0,0,0,0,0,0,0,0,0,0,U,C
STH,2,8.10.94,6S,U,RB,3.5,1,0,1,2,0,0,0,0,0,0,0,0,0,0,0,0,0,U,C
STH,2,8.10.94,6S,U,MB,3.3,0,2,2,3,5,0,0,0,0,0,0,0,0,0,0,0,0,U,C
STH,2,8.10.94,6S,U,LB,3.6,1,1,4,10,0,0,0,0,0,0,0,0,0,0,0,0,0,U,C
STH,2,8.10.94,6S,U,LM,3.7,0,2,1,6,2,0,0,0,0,0,0,0,0,0,0,0,0,U,C
STH,2,8.10.94,6S,U,UM,3.6,0,2,0,0,0,0,0,0,0,0,0,0,0,0,0,0,0,U,C
STH,2,8.10.94,6S,U,DM,2.8,0,17,0,20,2,0,0,0,0,0,0,0,0,0,0,0,0,U,C
STH,2,8.10.94,7S,C,LF,3.2,11,0,0,2,0,0,0,0,0,0,0,0,0,0,0,0,0,C,C
STH,2,8.10.94,7S,C,MF,3,5,0,1,10,0,0,0,0,0,0,0,0,0,0,0,0,0,C,C
STH,2,8.10.94,7S,C,RF,2.8,0,0,1,0,0,0,2,0,0,0,0,0,2,0,0,2,2,C,C
STH,2,8.10.94,7S,C,RM,3.5,4,2,2,10,0,0,0,0,0,0,0,0,0,0,0,0,0,C,C
STH,2,8.10.94,7S,C,RB,4.1,2,0,0,2,1,0,0,0,0,0,0,0,0,0,0,0,0,C,C
STH,2,8.10.94,7S,C,MB,4.1,7,0,1,2,0,0,0,0,0,0,0,0,0,0,0,0,0,C,C
STH,2,8.10.94,7S,C,LB,3.4,4,0,1,2,5,0,5,0,0,0,0,0,5,0,0,5,5,C,C
STH,2,8.10.94,7S,C,LM,3.1,2,8,0,12,2,0,0,0,0,0,0,0,0,0,0,0,0,C,C
STH,2,8.10.94,7S,C,UM,2.7,1,41,0,10,20,0,0,0,0,0,0,0,0,0,0,0,0,C,C
STH,2,8.10.94,7S,C,DM,3.3,1,11,3,15,0,0,1,0,0,0,0,0,1,0,0,1,1,C,C
STH,2,8.10.94,8S,AL,LF,3,1,0,0,2,0,0,0,0,0,0,0,0,0,0,0,0,0,C,L
STH,2,8.10.94,8S,AL,MF,2.5,0,1,3,10,5,0,0,0,0,0,0,0,0,0,0,0,0,C,L
STH,2,8.10.94,8S,AL,RF,2.4,5,3,1,10,30,0,0,0,0,0,0,0,0,0,0,0,0,C,L
STH,2,8.10.94,8S,AL,RM,3.7,3,1,0,5,0,0,0,0,0,0,0,0,0,0,0,0,0,C,L
STH,2,8.10.94,8S,AL,RB,4.1,4,0,0,20,0,0,0,0,0,0,0,0,0,0,0,0,0,C,L
STH,2,8.10.94,8S,AL,MB,4.4,2,0,1,5,0,0,0,0,0,0,0,0,0,0,0,0,0,C,L
STH,2,8.10.94,8S,AL,LB,4.5,6,0,0,4,0,0,0,0,0,0,0,0,0,0,0,0,0,C,L
STH,2,8.10.94,8S,AL,LM,3.4,1,8,0,10,2,0,0,0,0,0,0,0,0,0,0,0,0,C,L
STH,2,8.10.94,8S,AL,UM,3.3,0,0,0,10,0,0,0,0,0,0,0,0,0,0,0,0,0,C,L
STH,2,8.10.94,8S,AL,DM,3.8,2,0,0,10,0,0,2,0,0,0,0,0,2,0,0,2,2,C,L
STH,3,13.12.94,1S,C,LF,2.9,3,8,1,5,0,0,0,0,0,0,0,0,0,0,0,0,0,C,C
STH,3,13.12.94,1S,C,MF,2.8,2,7,0,40,0,0,0,0,0,0,0,0,0,0,0,0,0,C,C
STH,3,13.12.94,1S,C,RF,2.4,7,24,2,45,0,0,5,0,0,0,0,0,5,0,0,5,5,C,C
STH,3,13.12.94,1S,C,RM,3.2,6,2,0,40,5,0,4,0,0,0,0,0,4,0,0,4,4,C,C
STH,3,13.12.94,1S,C,RB,3.8,4,0,0,5,5,0,0,0,0,0,0,0,0,0,0,0,0,C,C
STH,3,13.12.94,1S,C,MB,3.7,4,0,0,5,3,0,2,0,0,0,0,0,2,0,0,2,2,C,C
STH,3,13.12.94,1S,C,LB,3.5,7,4,0,4,0,0,2,0,0,0,0,0,2,0,0,2,2,C,C
STH,3,13.12.94,1S,C,LM,3.4,9,0,0,5,0,0,0,0,0,0,0,0,0,0,0,0,0,C,C
STH,3,13.12.94,1S,C,UM,3.3,4,3,1,8,2,0,0,0,0,0,0,0,0,0,0,0,0,C,C
STH,3,13.12.94,1S,C,DM,3.7,5,0,0,8,2,0,2,0,0,0,0,0,2,0,0,2,2,C,C
STH,3,13.12.94,2S,U,LF,2.5,5,10,1,30,0,0,1,0,0,0,0,0,1,0,0,1,1,U,C
STH,3,13.12.94,2S,U,MF,2.4,0,16,0,10,0,0,15,0,0,0,0,0,15,0,0,15,15,U,C
STH,3,13.12.94,2S,U,RF,2.8,1,8,1,20,0,0,5,0,0,0,0,0,5,0,0,5,5,U,C
STH,3,13.12.94,2S,U,RM,3.1,0,1,0,25,0,0,5,0,0,0,0,0,5,0,0,5,5,U,C
STH,3,13.12.94,2S,U,RB,3.5,0,0,1,20,2,0,5,0,0,0,0,0,5,0,0,5,5,U,C
STH,3,13.12.94,2S,U,MB,3.5,0,0,0,5,0,0,0,0,0,0,0,0,2,0,0,2,2,U,C
STH,3,13.12.94,2S,U,LB,3.5,0,0,0,10,0,0,0,0,0,0,0,0,0,0,0,0,0,U,C
STH,3,13.12.94,2S,U,LM,3.1,0,10,1,20,0,0,5,0,0,0,0,0,10,0,0,10,10,U,C
STH,3,13.12.94,2S,U,UM,3.1,0,5,0,5,0,0,5,0,0,0,0,0,5,0,0,5,5,U,C
STH,3,13.12.94,2S,U,DM,3.3,1,2,1,5,0,0,0,0,0,0,0,0,5,0,0,5,5,U,C
STH,3,13.12.94,3S,UAL,LF,2.2,0,18,2,30,0,0,0,0,0,0,0,0,2,0,0,2,2,U,L
STH,3,13.12.94,3S,UAL,MF,2.3,0,5,2,15,0,0,0,0,0,0,0,0,2,0,0,2,2,U,L
STH,3,13.12.94,3S,UAL,RF,2.5,0,5,1,20,0,0,5,0,0,0,0,0,10,0,0,10,10,U,L
STH,3,13.12.94,3S,UAL,RM,3,0,0,0,45,0,0,2,0,0,0,0,0,2,0,0,2,2,U,L
STH,3,13.12.94,3S,UAL,RB,3.3,0,0,0,5,2,0,0,0,0,0,0,0,2,0,0,2,2,U,L
STH,3,13.12.94,3S,UAL,MB,3.4,0,0,0,5,0,0,20,0,0,0,0,0,22,0,0,22,22,U,L
STH,3,13.12.94,3S,UAL,LB,3.6,0,0,0,5,0,0,0,0,0,0,0,0,2,0,0,2,2,U,L
STH,3,13.12.94,3S,UAL,LM,2.5,0,0,0,15,0,0,10,0,0,0,0,0,25,0,0,25,25,U,L
STH,3,13.12.94,3S,UAL,UM,3.3,0,0,1,2,0,0,0,0,0,0,0,0,0,0,0,0,0,U,L
STH,3,13.12.94,3S,UAL,DM,3.3,0,0,2,0,5,0,0,0,0,0,0,0,0,0,0,0,0,U,L
STH,3,13.12.94,4S,AL,LF,2.2,0,12,1,5,0,0,15,0,0,0,0,0,15,0,0,15,15,C,L
STH,3,13.12.94,4S,AL,MF,2,4,11,0,20,0,0,10,0,0,0,0,0,10,0,0,10,10,C,L
STH,3,13.12.94,4S,AL,RF,2.2,3,10,0,10,0,0,0,0,0,0,0,0,0,0,0,0,0,C,L
STH,3,13.12.94,4S,AL,RM,2.8,1,3,0,10,0,0,0,0,0,0,0,0,0,0,0,0,0,C,L
STH,3,13.12.94,4S,AL,RB,3.6,3,0,0,0,4,0,2,0,0,0,0,0,2,0,0,2,2,C,L
STH,3,13.12.94,4S,AL,MB,3.6,4,0,0,5,2,0,0,0,0,0,0,0,0,0,0,0,0,C,L
STH,3,13.12.94,4S,AL,LB,3.4,3,0,0,4,0,0,2,0,0,0,0,0,12,0,0,12,12,C,L
STH,3,13.12.94,4S,AL,LM,2.8,2,0,1,10,5,0,7,0,0,0,0,0,17,0,0,17,17,C,L
STH,3,13.12.94,4S,AL,UM,2.9,1,1,0,15,0,0,0,0,0,0,0,0,1,0,0,1,1,C,L
STH,3,13.12.94,4S,AL,DM,3.1,1,2,0,10,0,0,0,0,0,0,0,0,0,0,0,0,0,C,L
STH,3,13.12.94,5S,UAL,LF,2.2,0,1,0,10,0,0,0,0,0,0,0,0,1,0,0,1,1,U,L
STH,3,13.12.94,5S,UAL,MF,2.5,0,3,0,20,0,0,0,0,0,0,0,0,0,0,0,0,0,U,L
STH,3,13.12.94,5S,UAL,RF,2.7,1,2,1,8,0,0,0,0,0,0,0,0,8,0,0,8,8,U,L
STH,3,13.12.94,5S,UAL,RM,2.9,0,0,0,30,0,0,5,0,0,0,0,0,30,0,0,30,30,U,L
STH,3,13.12.94,5S,UAL,RB,3.8,0,0,0,2,0,0,0,0,0,0,0,0,5,0,0,5,5,U,L
STH,3,13.12.94,5S,UAL,MB,3.5,0,0,0,5,0,0,2,0,0,0,0,0,2,0,0,2,2,U,L
STH,3,13.12.94,5S,UAL,LB,3.6,1,0,0,2,0,0,0,0,0,0,0,0,0,0,0,0,0,U,L
STH,3,13.12.94,5S,UAL,LM,3.2,0,0,0,10,0,0,0,0,0,0,0,0,0,0,0,0,0,U,L
STH,3,13.12.94,5S,UAL,UM,2.9,0,1,0,15,0,0,0,0,0,0,0,0,15,0,0,15,15,U,L
STH,3,13.12.94,5S,UAL,DM,3.3,2,0,0,15,0,0,0,0,0,0,0,0,15,0,0,15,15,U,L
STH,3,13.12.94,6S,U,LF,2.3,0,11,0,10,0,0,0,0,0,0,0,0,0,0,0,0,0,U,C
STH,3,13.12.94,6S,U,MF,2.8,0,3,0,5,0,0,0,0,0,0,0,0,15,0,0,15,15,U,C
STH,3,13.12.94,6S,U,RF,2.1,0,21,0,8,0,0,0,0,0,0,0,0,0,0,0,0,0,U,C
STH,3,13.12.94,6S,U,RM,2.2,0,20,1,40,0,0,2,0,0,0,0,0,10,0,0,10,10,U,C
STH,3,13.12.94,6S,U,RB,2.8,0,7,0,10,0,0,0,0,0,0,0,0,15,0,0,15,15,U,C
STH,3,13.12.94,6S,U,MB,2.5,1,1,0,2,0,0,0,0,0,0,0,0,5,0,0,5,5,U,C
STH,3,13.12.94,6S,U,LB,2.8,1,1,1,3,0,0,0,0,0,0,0,0,20,0,0,20,20,U,C
STH,3,13.12.94,6S,U,LM,2.7,0,2,0,10,2,0,0,0,0,0,0,0,10,0,0,10,10,U,C
STH,3,13.12.94,6S,U,UM,2.3,0,10,1,30,0,0,0,0,0,0,0,0,10,0,0,10,10,U,C
STH,3,13.12.94,6S,U,DM,2.7,1,4,1,15,5,0,2,0,0,0,0,0,2,0,0,2,2,U,C
STH,3,13.12.94,7S,C,LF,2,10,6,0,20,5,0,0,0,0,0,0,0,20,0,0,20,20,C,C
STH,3,13.12.94,7S,C,MF,1.9,1,28,0,15,20,0,0,0,0,0,0,0,0,0,0,0,0,C,C
STH,3,13.12.94,7S,C,RF,2.2,0,0,2,2,0,0,0,0,0,0,0,0,0,0,0,0,0,C,C
STH,3,13.12.94,7S,C,RM,3.1,6,5,0,15,2,0,0,0,0,0,0,0,0,0,0,0,0,C,C
STH,3,13.12.94,7S,C,RB,2.9,2,3,1,4,0,0,0,0,0,0,0,0,20,0,0,20,20,C,C
STH,3,13.12.94,7S,C,MB,3.2,6,2,1,20,0,0,2,0,0,0,0,0,7,0,0,7,7,C,C
STH,3,13.12.94,7S,C,LB,2.6,7,0,2,20,0,0,1,0,0,0,0,0,6,0,0,6,6,C,C
STH,3,13.12.94,7S,C,LM,2.5,1,13,0,15,0,0,0,0,0,0,0,0,5,0,0,5,5,C,C
STH,3,13.12.94,7S,C,UM,2.3,5,14,1,15,0,0,0,0,0,0,0,0,5,0,0,5,5,C,C
STH,3,13.12.94,7S,C,DM,2.8,5,4,0,10,0,0,0,0,0,0,0,0,15,0,0,15,15,C,C
STH,3,13.12.94,8S,AL,LF,2.3,3,10,1,10,0,0,15,0,0,0,0,0,55,0,0,55,55,C,L
STH,3,13.12.94,8S,AL,MF,2.1,2,6,1,45,2,0,0,0,0,0,0,0,0,0,0,0,0,C,L
STH,3,13.12.94,8S,AL,RF,2.2,1,1,0,5,40,0,0,0,0,0,0,0,0,0,0,0,0,C,L
STH,3,13.12.94,8S,AL,RM,2.7,3,2,0,10,0,0,10,0,0,0,0,0,12,0,0,12,12,C,L
STH,3,13.12.94,8S,AL,RB,3.4,3,0,0,15,0,0,0,0,0,0,0,0,2,0,0,2,2,C,L
STH,3,13.12.94,8S,AL,MB,3.4,0,0,0,5,0,0,0,0,0,0,0,0,15,0,0,15,15,C,L
STH,3,13.12.94,8S,AL,LB,3.4,4,0,0,15,0,0,0,0,0,0,0,0,2,0,0,2,2,C,L
STH,3,13.12.94,8S,AL,LM,2.8,3,3,0,20,0,0,0,0,0,0,0,0,5,0,0,5,5,C,L
STH,3,13.12.94,8S,AL,UM,2.8,0,4,0,10,0,0,0,0,0,0,0,0,0,0,0,0,0,C,L
STH,3,13.12.94,8S,AL,DM,3.3,5,2,0,10,0,0,0,0,0,0,0,0,10,0,0,10,10,C,L
STH,4,6.3.95,1S,C,LF,2.8,2,5,0,5,0,0,2,0,0,0,0,0,2,5,0,7,7,C,C
STH,4,6.3.95,1S,C,MF,2.6,8,5,0,15,0,0,2,5,0,0,0,0,2,0,5,7,7,C,C
STH,4,6.3.95,1S,C,RF,2.8,4,16,0,35,0,0,1,0,0,0,0,0,1,0,0,1,1,C,C
STH,4,6.3.95,1S,C,RM,3.2,5,5,1,25,0,0,0,0,0,0,0,0,0,2,0,2,2,C,C
STH,4,6.3.95,1S,C,RB,3.7,4,0,1,15,0,0,1,0,0,0,0,0,1,5,0,6,6,C,C
STH,4,6.3.95,1S,C,MB,3.9,4,0,1,10,4,0,0,0,0,0,0,0,0,2,0,2,2,C,C
STH,4,6.3.95,1S,C,LB,3.9,3,0,1,5,1,0,1,1,0,0,0,0,1,0,1,2,2,C,C
STH,4,6.3.95,1S,C,LM,3.6,3,0,2,10,0,0,0,0,0,0,0,0,0,0,0,0,0,C,C
STH,4,6.3.95,1S,C,UM,3.2,2,8,1,15,0,0,1,0,0,0,0,0,1,0,0,1,1,C,C
STH,4,6.3.95,1S,C,DM,3.5,5,2,0,15,5,0,0,5,0,0,0,0,0,0,5,5,5,C,C
STH,4,6.3.95,2S,U,LF,2.4,0,1,12,25,0,0,4,2,2,0,0,0,4,0,2,8,6,U,C
STH,4,6.3.95,2S,U,MF,2.5,0,1,15,10,0,0,2,2,2,0,0,0,2,5,2,11,9,U,C
STH,4,6.3.95,2S,U,RF,2.7,1,1,5,20,0,0,2,5,0,0,0,0,2,2,5,9,9,U,C
STH,4,6.3.95,2S,U,RM,3.3,0,1,1,10,0,0,20,4,0,0,0,0,20,0,4,24,24,U,C
STH,4,6.3.95,2S,U,RB,3.6,4,1,0,5,0,0,2,15,0,0,0,0,2,0,15,17,17,U,C
STH,4,6.3.95,2S,U,MB,3.4,0,0,0,15,0,0,20,2,0,0,0,0,22,10,2,34,34,U,C
STH,4,6.3.95,2S,U,LB,3.6,1,2,0,5,0,0,10,5,0,0,0,0,10,2,5,17,17,U,C
STH,4,6.3.95,2S,U,LM,3.2,1,0,7,25,0,0,1,6,0,0,0,0,1,0,7,8,8,U,C
STH,4,6.3.95,2S,U,UM,3,0,0,6,10,25,0,2,2,0,0,0,0,2,0,2,4,4,U,C
STH,4,6.3.95,2S,U,DM,3.3,0,1,1,20,0,0,30,2,0,0,0,0,32,10,2,44,44,U,C
STH,4,6.3.95,3S,UAL,LF,2.5,0,8,2,15,0,0,5,20,10,0,0,0,5,0,20,35,25,U,L
STH,4,6.3.95,3S,UAL,MF,2.9,0,3,0,20,0,0,5,5,15,0,2,0,7,5,7,34,19,U,L
STH,4,6.3.95,3S,UAL,RF,2.7,0,6,0,5,0,0,2,15,10,0,0,0,2,2,15,29,19,U,L
STH,4,6.3.95,3S,UAL,RM,3.1,1,2,2,0,2,0,20,10,2,0,0,0,22,0,10,34,32,U,L
STH,4,6.3.95,3S,UAL,RB,3.6,2,2,1,2,5,0,2,5,0,0,0,0,4,0,5,9,9,U,L
STH,4,6.3.95,3S,UAL,MB,3.5,1,0,0,20,0,0,15,10,0,0,0,0,17,2,10,29,29,U,L
STH,4,6.3.95,3S,UAL,LB,3.8,0,0,0,5,2,0,5,5,0,0,0,0,5,5,5,15,15,U,L
STH,4,6.3.95,3S,UAL,LM,2.9,2,0,1,5,0,0,20,0,0,0,0,0,20,10,0,30,30,U,L
STH,4,6.3.95,3S,UAL,UM,3.3,0,0,1,10,0,0,5,5,0,0,0,0,6,5,5,16,16,U,L
STH,4,6.3.95,3S,UAL,DM,3,1,1,0,10,0,0,20,2,0,0,0,0,21,0,2,23,23,U,L
STH,4,6.3.95,4S,AL,LF,2.7,2,6,0,10,5,0,2,10,0,0,5,0,2,0,10,12,12,C,L
STH,4,6.3.95,4S,AL,MF,2.5,5,4,0,20,0,0,0,5,2,0,0,0,0,0,5,7,5,C,L
STH,4,6.3.95,4S,AL,RF,2.3,1,5,0,10,0,0,0,2,0,0,0,0,0,0,2,2,2,C,L
STH,4,6.3.95,4S,AL,RM,3.1,5,0,2,15,0,0,5,0,0,0,0,0,7,0,0,7,7,C,L
STH,4,6.3.95,4S,AL,RB,3.6,6,0,3,10,0,0,2,0,0,0,0,0,2,2,0,4,4,C,L
STH,4,6.3.95,4S,AL,MB,3.8,6,0,2,5,0,0,5,0,0,0,0,0,5,0,0,5,5,C,L
STH,4,6.3.95,4S,AL,LB,3.6,7,0,2,2,0,0,8,2,0,0,0,0,9,0,2,11,11,C,L
STH,4,6.3.95,4S,AL,LM,3.2,5,0,0,15,0,0,2,0,0,0,0,0,2,0,0,2,2,C,L
STH,4,6.3.95,4S,AL,UM,2.8,0,5,0,25,0,0,0,2,0,0,2,0,0,0,2,2,2,C,L
STH,4,6.3.95,4S,AL,DM,3.3,3,0,0,5,0,0,2,0,0,0,0,0,2,5,0,7,7,C,L
STH,4,6.3.95,5S,UAL,LF,2.6,0,0,1,10,0,0,2,5,0,0,2,0,2,0,5,7,7,U,L
STH,4,6.3.95,5S,UAL,MF,3.1,0,0,0,15,2,0,8,10,2,0,0,0,8,5,10,25,23,U,L
STH,4,6.3.95,5S,UAL,RF,2.9,0,0,1,10,30,0,10,10,0,0,0,0,10,2,10,22,22,U,L
STH,4,6.3.95,5S,UAL,RM,3.4,0,0,0,15,0,0,15,2,0,0,0,0,15,5,2,22,22,U,L
STH,4,6.3.95,5S,UAL,RB,3.9,2,0,2,5,0,0,2,0,0,1,0,0,2,5,1,8,8,U,L
STH,4,6.3.95,5S,UAL,MB,3.8,2,0,2,5,5,0,1,3,0,0,0,0,1,0,3,4,4,U,L
STH,4,6.3.95,5S,UAL,LB,3.9,0,0,0,3,0,0,2,2,0,0,0,0,2,2,2,6,6,U,L
STH,4,6.3.95,5S,UAL,LM,3.4,1,0,0,10,0,0,10,5,0,0,0,0,10,2,5,17,17,U,L
STH,4,6.3.95,5S,UAL,UM,3.3,1,0,1,15,0,0,10,5,0,0,0,0,12,0,5,17,17,U,L
STH,4,6.3.95,5S,UAL,DM,3.6,0,0,0,2,5,0,15,5,0,0,0,0,15,5,5,25,25,U,L
STH,4,6.3.95,6S,U,LF,2.6,0,10,0,10,0,0,10,2,0,0,0,0,11,0,2,13,13,U,C
STH,4,6.3.95,6S,U,MF,2.5,0,6,0,15,0,0,5,2,0,0,0,0,7,2,2,11,11,U,C
STH,4,6.3.95,6S,U,RF,2.4,0,37,5,20,5,0,2,0,0,0,0,0,3,2,0,5,5,U,C
STH,4,6.3.95,6S,U,RM,2.4,1,28,0,20,10,0,2,2,0,0,0,0,2,0,2,4,4,U,C
STH,4,6.3.95,6S,U,RB,3.1,1,6,4,10,0,0,0,5,0,0,0,0,2,2,5,9,9,U,C
STH,4,6.3.95,6S,U,MB,2.9,1,6,3,8,0,0,15,0,0,0,0,0,17,5,0,22,22,U,C
STH,4,6.3.95,6S,U,LB,3.5,1,0,2,2,0,0,10,0,0,0,0,0,10,2,0,12,12,U,C
STH,4,6.3.95,6S,U,LM,3.2,1,3,3,10,2,0,10,10,0,0,0,0,10,0,10,20,20,U,C
STH,4,6.3.95,6S,U,UM,3.1,0,2,1,10,2,0,5,5,0,0,0,0,6,2,5,13,13,U,C
STH,4,6.3.95,6S,U,DM,2.5,1,24,1,20,2,0,1,2,0,0,0,0,1,0,2,3,3,U,C
STH,4,6.3.95,7S,C,LF,2.7,9,14,5,35,5,0,5,0,0,0,0,0,5,0,2,7,7,C,C
STH,4,6.3.95,7S,C,MF,2.7,8,6,0,25,0,0,2,24,0,2,0,0,2,0,26,28,28,C,C
STH,4,6.3.95,7S,C,RF,3.3,0,0,0,2,0,0,0,5,0,2,2,0,0,0,26,26,26,C,C
STH,4,6.3.95,7S,C,RM,3.3,10,2,0,2,2,0,0,2,0,0,0,0,0,0,2,2,2,C,C
STH,4,6.3.95,7S,C,RB,3.5,2,2,0,5,0,0,0,0,0,0,0,0,1,2,0,3,3,C,C
STH,4,6.3.95,7S,C,MB,3.4,4,4,0,5,0,0,5,5,0,0,0,0,5,2,5,12,12,C,C
STH,4,6.3.95,7S,C,LB,3.1,2,8,0,15,0,0,1,0,0,0,0,0,1,2,0,3,3,C,C
STH,4,6.3.95,7S,C,LM,2.8,0,33,2,15,0,0,0,1,0,0,0,0,0,0,1,1,1,C,C
STH,4,6.3.95,7S,C,UM,2.5,5,37,2,25,0,0,0,0,0,0,0,0,0,0,0,0,0,C,C
STH,4,6.3.95,7S,C,DM,2.7,5,6,0,10,0,0,2,0,0,0,0,0,2,0,0,2,2,C,C
STH,4,6.3.95,8S,AL,LF,2.8,0,0,0,2,0,0,0,9,0,10,0,0,0,0,33,33,33,C,L
STH,4,6.3.95,8S,AL,MF,2.3,5,2,2,45,1,0,0,2,0,0,0,0,0,0,2,2,2,C,L
STH,4,6.3.95,8S,AL,RF,2.4,0,2,0,15,10,0,0,0,0,0,0,0,0,0,0,0,0,C,L
STH,4,6.3.95,8S,AL,RM,3.3,4,0,0,20,0,0,0,0,0,0,0,0,1,0,0,1,1,C,L
STH,4,6.3.95,8S,AL,RB,3.9,3,0,0,20,2,0,2,0,0,0,0,0,4,0,0,4,4,C,L
STH,4,6.3.95,8S,AL,MB,4.1,3,0,1,15,0,0,10,0,0,0,0,0,11,0,0,11,11,C,L
STH,4,6.3.95,8S,AL,LB,3.6,6,0,0,15,0,0,2,0,0,0,0,0,2,5,0,7,7,C,L
STH,4,6.3.95,8S,AL,LM,3.2,3,5,0,15,10,0,2,5,0,0,0,0,2,0,5,7,7,C,L
STH,4,6.3.95,8S,AL,UM,3.2,3,1,3,25,0,0,2,5,0,0,0,0,2,2,5,9,9,C,L
STH,4,6.3.95,8S,AL,DM,3.8,4,0,1,10,0,0,2,0,0,0,0,0,2,2,0,4,4,C,L
STH,5,30.7.95,1S,C,LF,3.658,3,4,0,3,0,0,0,0,0,0,0,0,0,0,0,0,0,C,C
STH,5,30.7.95,1S,C,MF,3.353,5,8,0,30,0,0,0,0,0,0,0,0,0,6,0,6,6,C,C
STH,5,30.7.95,1S,C,RF,3.353,3,26,1,35,10,0,0,0,0,0,0,0,0,5,0,5,5,C,C
STH,5,30.7.95,1S,C,RM,3.962,11,4,0,45,0,0,0,0,0,0,0,5,0,0,0,0,0,C,C
STH,5,30.7.95,1S,C,RB,4.267,3,1,3,10,2,0,0,0,0,0,0,5,0,0,0,0,0,C,C
STH,5,30.7.95,1S,C,MB,4.267,6,1,2,2,4,0,0,0,0,0,2,0,0,5,0,5,5,C,C
STH,5,30.7.95,1S,C,LB,4.572,7,1,0,20,1,0,0,0,0,0,6,0,0,0,0,0,0,C,C
STH,5,30.7.95,1S,C,LM,3.962,6,0,2,10,2,0,0,0,0,0,0,2,0,0,0,0,0,C,C
STH,5,30.7.95,1S,C,UM,3.353,3,2,0,20,2,0,0,0,0,0,0,0,0,4,0,4,4,C,C
STH,5,30.7.95,1S,C,DM,3.962,3,2,2,10,2,0,0,0,0,0,0,5,0,2,0,2,2,C,C
STH,5,30.7.95,2S,U,LF,3.048,0,9,0,45,0,0,0,1,5,0,0,2,0,0,1,6,1,U,C
STH,5,30.7.95,2S,U,MF,3.048,0,13,0,30,2,0,0,2,5,0,0,0,0,10,2,17,12,U,C
STH,5,30.7.95,2S,U,RF,4.877,0,6,3,25,4,0,0,2,0,0,2,0,0,0,2,2,2,U,C
STH,5,30.7.95,2S,U,RM,3.658,0,2,0,15,2,0,0,2,0,0,0,5,0,4,2,6,6,U,C
STH,5,30.7.95,2S,U,RB,3.962,0,1,1,10,2,0,0,0,0,2,2,2,0,0,2,2,2,U,C
STH,5,30.7.95,2S,U,MB,3.962,2,0,0,15,0,0,0,0,0,0,8,4,0,0,0,0,0,U,C
STH,5,30.7.95,2S,U,LB,3.962,3,0,2,10,2,0,0,1,0,0,0,0,0,3,1,4,4,U,C
STH,5,30.7.95,2S,U,LM,4.267,0,4,0,15,2,0,0,4,0,0,4,4,0,2,4,6,6,U,C
STH,5,30.7.95,2S,U,UM,3.353,0,5,1,15,0,0,0,2,0,0,2,5,0,0,2,2,2,U,C
STH,5,30.7.95,2S,U,DM,3.353,0,2,0,8,0,0,0,1,0,0,0,0,0,2,1,3,3,U,C
STH,5,30.7.95,3S,UAL,LF,2.743,0,8,1,10,0,0,0,8,2,0,2,0,0,0,8,10,8,U,L
STH,5,30.7.95,3S,UAL,MF,2.743,1,3,1,25,0,0,0,6,2,0,0,0,0,0,6,8,6,U,L
STH,5,30.7.95,3S,UAL,RF,3.048,0,2,2,15,0,0,0,5,0,0,0,0,0,0,5,5,5,U,L
STH,5,30.7.95,3S,UAL,RM,3.353,2,4,0,40,0,0,0,4,0,0,0,0,0,0,4,4,4,U,L
STH,5,30.7.95,3S,UAL,RB,3.658,3,0,5,8,5,0,0,1,0,0,0,2,0,1,1,2,2,U,L
STH,5,30.7.95,3S,UAL,MB,3.658,1,2,0,15,1,0,0,0,0,0,0,0,0,0,0,0,0,U,L
STH,5,30.7.95,3S,UAL,LB,3.962,0,0,1,5,2,0,0,2,0,0,0,0,1,4,2,7,7,U,L
STH,5,30.7.95,3S,UAL,LM,3.962,0,0,0,5,0,0,0,2,0,5,10,0,0,2,7,9,9,U,L
STH,5,30.7.95,3S,UAL,UM,3.658,0,1,1,5,2,0,0,3,0,4,5,2,0,0,7,7,7,U,L
STH,5,30.7.95,3S,UAL,DM,3.658,2,2,1,10,0,0,0,1,0,0,0,0,0,1,1,2,2,U,L
STH,5,30.7.95,4S,AL,LF,2.743,4,6,1,10,0,0,0,1,0,0,0,0,0,0,1,1,1,C,L
STH,5,30.7.95,4S,AL,MF,2.743,1,6,0,25,0,0,0,1,0,0,0,0,0,0,1,1,1,C,L
STH,5,30.7.95,4S,AL,RF,2.438,2,5,1,20,0,0,0,1,0,0,0,0,0,1,1,2,2,C,L
STH,5,30.7.95,4S,AL,RM,3.353,4,0,1,20,1,0,0,0,0,0,0,0,0,0,0,0,0,C,L
STH,5,30.7.95,4S,AL,RB,3.658,5,0,0,5,4,0,0,0,0,0,0,0,0,0,0,0,0,C,L
STH,5,30.7.95,4S,AL,MB,3.962,5,0,1,15,5,0,0,0,0,0,0,0,0,0,0,0,0,C,L
STH,5,30.7.95,4S,AL,LB,3.962,2,0,0,5,0,0,0,0,0,0,0,0,0,0,0,0,0,C,L
STH,5,30.7.95,4S,AL,LM,3.353,4,2,3,20,5,0,0,0,0,0,0,0,0,0,0,0,0,C,L
STH,5,30.7.95,4S,AL,UM,3.048,6,3,1,15,0,0,0,0,0,0,0,2,0,0,0,0,0,C,L
STH,5,30.7.95,4S,AL,DM,3.353,4,0,0,10,5,0,0,0,0,0,0,0,0,0,0,0,0,C,L
STH,5,30.7.95,5S,UAL,LF,2.743,0,3,1,15,1,0,0,3,20,0,5,0,0,2,3,25,5,U,L
STH,5,30.7.95,5S,UAL,MF,3.353,1,0,1,15,1,0,0,3,0,2,4,0,0,0,5,5,5,U,L
STH,5,30.7.95,5S,UAL,RF,3.048,0,0,4,15,0,0,0,2,0,0,0,0,0,0,2,2,2,U,L
STH,5,30.7.95,5S,UAL,RM,3.353,1,0,0,15,0,0,0,4,0,0,0,10,0,2,4,6,6,U,L
STH,5,30.7.95,5S,UAL,RB,4.267,2,0,0,5,2,0,0,2,0,3,0,0,0,0,6,6,6,U,L
STH,5,30.7.95,5S,UAL,MB,3.962,1,2,2,5,4,0,0,0,0,0,0,0,0,0,0,0,0,U,L
STH,5,30.7.95,5S,UAL,LB,3.962,1,0,0,10,0,0,0,3,0,1,0,0,0,12,4,16,16,U,L
STH,5,30.7.95,5S,UAL,LM,3.658,1,0,2,10,2,0,0,2,0,0,0,1,0,2,2,4,4,U,L
STH,5,30.7.95,5S,UAL,UM,3.353,2,0,3,10,4,0,0,2,0,1,4,4,0,2,3,5,5,U,L
STH,5,30.7.95,5S,UAL,DM,3.353,1,0,2,40,0,0,0,1,0,0,8,0,0,0,1,1,1,U,L
STH,5,30.7.95,6S,U,LF,3.048,0,5,0,10,4,0,0,2,20,2,10,0,0,0,4,24,4,U,C
STH,5,30.7.95,6S,U,MF,3.048,1,6,2,10,1,0,0,2,10,0,0,0,0,5,2,17,7,U,C
STH,5,30.7.95,6S,U,RF,2.743,0,38,0,20,4,0,0,0,0,0,0,5,0,0,0,0,0,U,C
STH,5,30.7.95,6S,U,RM,2.743,2,11,3,15,0,0,0,0,0,0,0,0,0,0,0,0,0,U,C
STH,5,30.7.95,6S,U,RB,3.353,0,2,2,5,0,0,0,3,0,2,0,0,0,0,5,5,5,U,C
STH,5,30.7.95,6S,U,MB,3.048,0,0,0,2,0,0,0,8,0,0,5,0,0,3,8,11,11,U,C
STH,5,30.7.95,6S,U,LB,3.658,2,0,0,10,0,0,0,2,0,0,0,0,0,0,2,2,2,U,C
STH,5,30.7.95,6S,U,LM,3.353,3,3,2,10,0,0,0,0,0,1,0,0,0,6,3,9,9,U,C
STH,5,30.7.95,6S,U,UM,3.353,1,4,0,2,25,0,0,0,0,3,0,0,0,0,3,3,3,U,C
STH,5,30.7.95,6S,U,DM,3.353,0,0,0,2,0,0,0,8,0,2,0,0,0,15,10,25,25,U,C
STH,5,30.7.95,7S,C,LF,3.048,3,0,0,40,2,0,0,0,2,0,2,5,0,10,0,12,10,C,C
STH,5,30.7.95,7S,C,MF,2.438,4,12,2,30,0,0,0,0,0,0,0,0,0,0,0,0,0,C,C
STH,5,30.7.95,7S,C,RF,3.048,0,1,0,10,2,0,0,8,0,2,0,0,0,10,19,29,29,C,C
STH,5,30.7.95,7S,C,RM,3.353,9,4,2,15,0,0,0,1,0,0,0,5,0,0,1,1,1,C,C
STH,5,30.7.95,7S,C,RB,3.353,3,2,2,15,0,0,0,0,0,0,0,5,0,5,0,5,5,C,C
STH,5,30.7.95,7S,C,MB,3.658,2,7,2,10,0,0,0,0,0,0,0,0,0,0,0,0,0,C,C
STH,5,30.7.95,7S,C,LB,3.658,6,2,2,10,0,0,0,0,0,0,0,0,0,0,0,0,0,C,C
STH,5,30.7.95,7S,C,LM,3.048,12,8,2,40,10,0,0,0,0,0,0,5,0,0,0,0,0,C,C
STH,5,30.7.95,7S,C,UM,2.438,3,33,3,25,0,0,0,0,0,0,0,0,0,0,0,0,0,C,C
STH,5,30.7.95,7S,C,DM,2.743,2,6,0,20,0,0,0,0,0,0,0,0,0,0,0,0,0,C,C
STH,5,30.7.95,8S,AL,LF,3.048,0,0,0,2,0,0,0,5,0,10,0,0,0,2,18,20,20,C,L
STH,5,30.7.95,8S,AL,MF,2.743,4,3,1,45,15,0,0,0,0,0,0,2,0,0,0,0,0,C,L
STH,5,30.7.95,8S,AL,RF,2.743,0,0,1,15,0,0,0,0,0,0,0,0,0,0,0,0,0,C,L
STH,5,30.7.95,8S,AL,RM,3.658,3,1,0,20,3,0,0,0,0,0,0,0,0,0,0,0,0,C,L
STH,5,30.7.95,8S,AL,RB,3.962,4,0,0,30,0,0,0,0,0,0,0,0,0,0,0,0,0,C,L
STH,5,30.7.95,8S,AL,MB,4.267,10,1,0,10,0,0,0,0,0,0,0,20,0,0,0,0,0,C,L
STH,5,30.7.95,8S,AL,LB,3.962,10,0,1,15,5,0,0,0,0,0,0,10,0,0,0,0,0,C,L
STH,5,30.7.95,8S,AL,LM,3.048,2,3,2,15,0,0,0,2,0,0,0,0,0,6,2,8,8,C,L
STH,5,30.7.95,8S,AL,UM,3.353,0,0,0,10,0,0,0,0,0,0,0,0,0,1,0,1,1,C,L
STH,5,30.7.95,8S,AL,DM,3.658,4,2,1,15,0,0,0,0,0,0,0,5,0,0,0,0,0,C,L
STH,6,30.10.95,1S,C,LF,3.6,5,5,1,5,0,37.5,0,0,10,0,0,0,0,0,0,10,0,C,C
STH,6,30.10.95,1S,C,MF,3.6,3,4,0,20,0,4.5,0,0,10,0,0,5,0,0,0,10,0,C,C
STH,6,30.10.95,1S,C,RF,3.4,3,14,0,15,10,17.5,0,0,0,0,0,2,0,0,0,0,0,C,C
STH,6,30.10.95,1S,C,RM,3.7,6,4,0,40,2,1,0,0,0,0,0,0,0,0,0,0,0,C,C
STH,6,30.10.95,1S,C,RB,4.3,6,1,0,15,0,20,0,0,0,0,0,20,0,0,0,0,0,C,C
STH,6,30.10.95,1S,C,MB,4.5,8,0,0,10,0,17.5,0,0,0,0,0,0,0,0,0,0,0,C,C
STH,6,30.10.95,1S,C,LB,4.6,7,0,0,10,2,11,0,0,0,0,0,0,0,0,0,0,0,C,C
STH,6,30.10.95,1S,C,LM,4.1,8,0,2,10,1,6,0,0,10,0,0,5,0,3,0,13,3,C,C
STH,6,30.10.95,1S,C,UM,3.5,2,6,0,35,0,0,0,0,0,0,2,0,0,1,0,1,1,C,C
STH,6,30.10.95,1S,C,DM,3.8,4,2,0,10,0,6,0,0,0,0,0,2,0,2,0,2,2,C,C
STH,6,30.10.95,2S,U,LF,3.3,0,7,0,40,0,0,0,2,30,2,0,5,0,0,4,34,4,U,C
STH,6,30.10.95,2S,U,MF,3.2,2,12,0,20,0,15,0,2,30,0,0,5,0,0,2,32,2,U,C
STH,6,30.10.95,2S,U,RF,3.4,0,9,1,35,2,3,0,1,30,0,5,10,0,0,1,31,1,U,C
STH,6,30.10.95,2S,U,RM,3.6,0,0,0,25,0,22.5,0,2,20,0,15,20,0,0,2,22,2,U,C
STH,6,30.10.95,2S,U,RB,4.2,0,0,1,10,0,10,0,2,0,1,0,5,0,2,3,5,5,U,C
STH,6,30.10.95,2S,U,MB,4.3,3,0,0,10,5,25,1,0,0,0,0,5,1,0,0,1,1,U,C
STH,6,30.10.95,2S,U,LB,4.6,7,0,0,10,5,10,0,1,0,0,0,0,0,0,1,1,1,U,C
STH,6,30.10.95,2S,U,LM,3.8,2,5,0,30,0,7.5,0,2,0,0,0,2,0,0,2,2,2,U,C
STH,6,30.10.95,2S,U,UM,3.7,0,7,2,30,2,4.5,0,2,0,0,0,2,0,0,2,2,2,U,C
STH,6,30.10.95,2S,U,DM,3.8,2,4,0,15,0,12.5,0,0,0,0,0,2,4,5,0,9,9,U,C
STH,6,30.10.95,3S,UAL,LF,3.1,0,0,1,15,0,2,0,6,35,0,15,2,0,0,6,41,6,U,L
STH,6,30.10.95,3S,UAL,MF,3,0,6,1,45,0,6,0,20,40,0,0,2,0,0,20,60,20,U,L
STH,6,30.10.95,3S,UAL,RF,3.2,0,0,0,15,0,10,0,1,0,0,2,0,0,0,1,1,1,U,L
STH,6,30.10.95,3S,UAL,RM,3.5,2,4,0,40,2,5,0,2,0,0,0,0,0,0,2,2,2,U,L
STH,6,30.10.95,3S,UAL,RB,4.2,2,0,0,4,2,30,0,0,0,2,0,0,4,0,2,6,6,U,L
STH,6,30.10.95,3S,UAL,MB,4,2,0,1,45,0,0,1,0,0,0,5,0,1,5,0,6,6,U,L
STH,6,30.10.95,3S,UAL,LB,4.2,2,0,0,10,2,16,0,0,0,0,0,5,2,25,0,27,27,U,L
STH,6,30.10.95,3S,UAL,LM,3.3,1,0,1,5,2,20,0,0,5,10,0,0,0,30,10,45,40,U,L
STH,6,30.10.95,3S,UAL,UM,3.6,1,2,0,15,0,4.5,0,3,20,2,0,10,0,0,5,25,5,U,L
STH,6,30.10.95,3S,UAL,DM,4,1,0,0,6,2,25,0,0,0,0,0,0,0,2,0,2,2,U,L
STH,6,30.10.95,4S,AL,LF,3,4,10,1,20,7,5,0,0,0,0,0,0,0,0,0,0,0,C,L
STH,6,30.10.95,4S,AL,MF,2.8,1,9,0,45,0,2,0,0,0,0,0,0,0,0,0,0,0,C,L
STH,6,30.10.95,4S,AL,RF,2.9,1,2,0,45,2,2,0,0,0,0,2,0,0,0,0,0,0,C,L
STH,6,30.10.95,4S,AL,RM,3.7,7,1,0,15,1,7.5,0,0,0,0,0,0,0,0,0,0,0,C,L
STH,6,30.10.95,4S,AL,RB,4.4,5,2,1,15,2,6,0,0,0,0,0,0,0,0,0,0,0,C,L
STH,6,30.10.95,4S,AL,MB,4.3,6,0,0,6,1,5,3,0,0,0,0,0,3,3,0,6,6,C,L
STH,6,30.10.95,4S,AL,LB,4.2,3,3,0,2,0,7.5,0,0,0,0,0,0,0,40,0,40,40,C,L
STH,6,30.10.95,4S,AL,LM,3.6,3,3,2,15,3,5.5,0,0,0,0,0,2,0,0,0,0,0,C,L
STH,6,30.10.95,4S,AL,UM,3.5,7,2,0,15,0,1,0,0,0,0,0,0,0,0,0,0,0,C,L
STH,6,30.10.95,4S,AL,DM,3.8,4,0,1,15,2,5,0,0,0,0,0,0,0,0,0,0,0,C,L
STH,6,30.10.95,5S,UAL,LF,2.9,0,3,0,10,0,3,1,5,30,0,25,0,1,0,5,36,6,U,L
STH,6,30.10.95,5S,UAL,MF,3.3,0,2,0,40,10,2,0,1,10,0,0,0,0,2,2,14,4,U,L
STH,6,30.10.95,5S,UAL,RF,3.5,1,4,0,5,0,7.5,0,2,10,0,20,0,0,5,2,17,7,U,L
STH,6,30.10.95,5S,UAL,RM,4.1,1,2,0,0,2,25,0,0,0,3,0,0,0,3,3,6,6,U,L
STH,6,30.10.95,5S,UAL,RB,4.4,4,0,0,0,0,15,0,1,0,1,0,5,0,25,2,27,27,U,L
STH,6,30.10.95,5S,UAL,MB,4.6,4,0,0,20,0,6,0,0,0,8,0,0,6,20,8,34,34,U,L
STH,6,30.10.95,5S,UAL,LB,4.7,3,0,1,2,2,12.5,0,0,0,0,0,0,0,20,0,20,20,U,L
STH,6,30.10.95,5S,UAL,LM,4.2,1,0,1,5,2,10,0,0,0,0,0,0,0,5,0,5,5,U,L
STH,6,30.10.95,5S,UAL,UM,3.8,0,0,0,10,0,0,0,0,0,3,20,0,0,0,3,3,3,U,L
STH,6,30.10.95,5S,UAL,DM,4.1,1,0,1,15,0,7.5,0,0,0,0,0,0,0,16,0,16,16,U,L
STH,6,30.10.95,6S,U,LF,3.3,0,10,2,45,2,6,0,0,5,2,0,0,0,0,2,7,2,U,C
STH,6,30.10.95,6S,U,MF,3.4,1,7,0,15,0,5,0,0,20,0,0,0,2,5,0,27,7,U,C
STH,6,30.10.95,6S,U,RF,3,0,49,2,30,1,0,0,0,15,0,0,0,0,2,0,17,2,U,C
STH,6,30.10.95,6S,U,RM,3.2,1,29,0,30,3,0,0,0,0,0,0,0,0,2,0,2,2,U,C
STH,6,30.10.95,6S,U,RB,3.5,2,0,1,3,0,10,0,4,0,10,0,0,5,10,16,31,31,U,C
STH,6,30.10.95,6S,U,MB,3.3,0,0,0,5,0,26,0,4,0,2,0,0,0,25,6,31,31,U,C
STH,6,30.10.95,6S,U,LB,3.8,2,0,3,15,0,20,0,0,0,0,10,0,0,0,0,0,0,U,C
STH,6,30.10.95,6S,U,LM,3.6,1,2,1,15,0,25,0,0,0,2,10,0,0,0,2,2,2,U,C
STH,6,30.10.95,6S,U,UM,3.4,1,6,1,10,1,22.5,0,0,0,0,0,0,0,0,0,0,0,U,C
STH,6,30.10.95,6S,U,DM,3,0,17,1,0,15,0,0,0,0,0,0,0,0,2,0,2,2,U,C
STH,6,30.10.95,7S,C,LF,2.5,1,14,4,45,0,0,0,10,5,0,0,0,0,10,10,25,20,C,C
STH,6,30.10.95,7S,C,MF,2.7,1,11,0,20,1,7.5,0,5,0,10,2,0,0,2,15,17,17,C,C
STH,6,30.10.95,7S,C,RF,2.9,0,0,0,5,1,0,0,30,0,5,0,0,0,0,35,35,35,C,C
STH,6,30.10.95,7S,C,RM,3.3,5,3,1,5,0,12.5,0,0,0,0,0,0,0,0,0,0,0,C,C
STH,6,30.10.95,7S,C,RB,3.8,4,0,1,15,0,12.5,0,0,0,0,0,0,0,25,0,25,25,C,C
STH,6,30.10.95,7S,C,MB,3.8,6,4,0,10,0,12.5,0,0,0,0,5,0,0,0,0,0,0,C,C
STH,6,30.10.95,7S,C,LB,3.4,5,7,1,5,10,12.5,0,0,0,0,0,0,0,5,0,5,5,C,C
STH,6,30.10.95,7S,C,LM,3.2,2,16,0,35,0,3,0,0,5,0,0,0,0,2,0,7,2,C,C
STH,6,30.10.95,7S,C,UM,2.9,2,47,2,45,0,1.5,0,0,0,0,0,0,4,1,0,5,5,C,C
STH,6,30.10.95,7S,C,DM,3.5,9,7,1,40,0,10,0,0,0,0,0,0,0,0,0,0,0,C,C
STH,6,30.10.95,8S,AL,LF,3.3,1,1,1,15,0,6,2,0,10,15,15,0,2,10,15,37,27,C,L
STH,6,30.10.95,8S,AL,MF,2.8,4,3,0,45,0,2,0,10,30,0,0,0,0,0,10,40,10,C,L
STH,6,30.10.95,8S,AL,RF,3,0,2,1,25,5,0,0,0,0,0,0,0,0,0,10,10,10,C,L
STH,6,30.10.95,8S,AL,RM,4,3,1,0,35,0,11,0,0,0,0,0,0,0,0,0,0,0,C,L
STH,6,30.10.95,8S,AL,RB,4.1,6,0,1,0,2,2,0,0,0,0,0,0,0,2,0,2,2,C,L
STH,6,30.10.95,8S,AL,MB,4.3,0,0,0,2,0,17.5,0,0,0,0,0,0,0,2,0,2,2,C,L
STH,6,30.10.95,8S,AL,LB,4.3,8,1,1,20,0,12.5,0,0,0,0,0,0,0,1,0,1,1,C,L
STH,6,30.10.95,8S,AL,LM,3.6,2,8,0,35,2,3,0,0,0,0,0,0,0,1,0,1,1,C,L
STH,6,30.10.95,8S,AL,UM,3.6,1,4,0,20,0,10,0,0,0,0,0,0,0,0,0,0,0,C,L
STH,6,30.10.95,8S,AL,DM,3.9,3,0,0,5,0,12.5,0,0,0,0,0,0,0,2,0,2,2,C,L
STH,7,15.5.96,1S,C,LF,3.5,5,7,0,25,0,20,0,0,0,1,0,2,0,0,1,1,1,C,C
STH,7,15.5.96,1S,C,MF,4,4,4,2,25,0,2,0,2,0,0,0,5,0,0,2,2,2,C,C
STH,7,15.5.96,1S,C,RF,3.6,4,18,2,30,0,0,0,2,10,5,0,5,0,0,17,17,7,C,C
STH,7,15.5.96,1S,C,RM,4.8,10,2,1,15,0,0,0,0,0,0,0,0,0,0,0,0,0,C,C
STH,7,15.5.96,1S,C,RB,4.9,2,0,0,6,8,11,0,0,0,0,0,0,0,0,0,0,0,C,C
STH,7,15.5.96,1S,C,MB,4.9,4,0,0,4,5,25,0,0,0,0,0,0,0,0,0,0,0,C,C
STH,7,15.5.96,1S,C,LB,5,6,0,1,10,2,16,0,0,0,0,0,0,0,3,0,3,3,C,C
STH,7,15.5.96,1S,C,LM,4.4,8,0,1,10,2,21,0,0,0,0,2,2,0,0,0,0,0,C,C
STH,7,15.5.96,1S,C,UM,4,5,0,3,8,1,25,0,0,0,2,10,0,0,0,4,4,4,C,C
STH,7,15.5.96,1S,C,DM,3.9,11,7,2,25,0,2,0,0,0,0,0,6,0,0,0,0,0,C,C
STH,7,15.5.96,2S,U,LF,3.5,2,16,1,20,0,20,0,4,20,2,0,0,0,0,26,26,6,U,C
STH,7,15.5.96,2S,U,MF,3.4,1,24,2,25,2,10,0,3,20,0,2,2,0,0,23,23,3,U,C
STH,7,15.5.96,2S,U,RF,3.6,0,13,0,30,15,7,0,0,10,2,0,0,0,1,14,15,5,U,C
STH,7,15.5.96,2S,U,RM,4.1,1,2,2,15,0,30,0,10,10,2,5,0,0,0,24,24,14,U,C
STH,7,15.5.96,2S,U,RB,4.6,3,2,3,10,0,42,0,4,2,0,0,10,0,0,7,7,5,U,C
STH,7,15.5.96,2S,U,MB,4.6,5,0,2,20,0,10,0,0,2,1,5,5,0,0,3,3,1,U,C
STH,7,15.5.96,2S,U,LB,4.6,10,0,3,15,0,25,0,0,5,0,0,4,0,0,5,5,0,U,C
STH,7,15.5.96,2S,U,LM,3.9,4,6,0,25,0,0,0,2,10,0,4,0,0,0,12,12,2,U,C
STH,7,15.5.96,2S,U,UM,3.4,1,12,3,0,4,15,0,3,0,2,0,0,0,0,6,6,6,U,C
STH,7,15.5.96,2S,U,DM,4.2,4,7,3,20,0,5,0,5,25,1,0,4,0,0,31,31,6,U,C
STH,7,15.5.96,3S,UAL,LF,3.3,1,5,2,35,2,0,0,0,30,0,0,0,0,0,32,32,2,U,L
STH,7,15.5.96,3S,UAL,MF,3.5,0,8,1,45,1,0,0,10,15,1,0,0,0,0,28,28,13,U,L
STH,7,15.5.96,3S,UAL,RF,3,1,8,1,25,4,2,0,2,10,10,2,0,0,2,22,24,14,U,L
STH,7,15.5.96,3S,UAL,RM,4,3,6,0,25,2,10,0,2,5,0,0,0,0,0,7,7,2,U,L
STH,7,15.5.96,3S,UAL,RB,4.6,7,0,1,4,0,35,0,0,0,0,0,10,0,0,0,0,0,U,L
STH,7,15.5.96,3S,UAL,MB,4.6,1,0,2,8,5,22,0,0,2,0,0,5,0,0,2,2,0,U,L
STH,7,15.5.96,3S,UAL,LB,4.5,8,0,0,8,2,22,0,0,0,0,0,5,0,0,0,0,0,U,L
STH,7,15.5.96,3S,UAL,LM,4.4,1,0,2,15,0,10,0,2,15,15,0,0,0,5,35,40,25,U,L
STH,7,15.5.96,3S,UAL,UM,3.9,4,1,0,8,2,10,0,5,20,5,5,0,0,0,30,30,10,U,L
STH,7,15.5.96,3S,UAL,DM,4.2,4,0,2,8,2,20,0,0,0,0,0,6,0,0,0,0,0,U,L
STH,7,15.5.96,4S,AL,LF,3.6,5,6,1,20,5,0,0,0,1,0,2,0,0,0,1,1,0,C,L
STH,7,15.5.96,4S,AL,MF,3.2,1,5,2,25,0,0,0,0,0,0,0,0,0,0,0,0,0,C,L
STH,7,15.5.96,4S,AL,RF,3.1,2,8,1,25,12,0,0,1,0,0,0,0,0,0,1,1,1,C,L
STH,7,15.5.96,4S,AL,RM,4.2,2,2,2,20,4,10,0,0,0,0,0,0,0,0,0,0,0,C,L
STH,7,15.5.96,4S,AL,RB,4.7,3,1,1,15,2,30,0,0,0,0,0,0,0,0,0,0,0,C,L
STH,7,15.5.96,4S,AL,MB,4.8,2,0,1,5,3,10,0,0,0,0,0,0,0,0,0,0,0,C,L
STH,7,15.5.96,4S,AL,LB,4.3,2,0,0,3,0,43,0,0,0,0,3,2,0,0,0,0,0,C,L
STH,7,15.5.96,4S,AL,LM,3.9,6,1,0,25,2,0,0,0,0,0,4,4,0,0,0,0,0,C,L
STH,7,15.5.96,4S,AL,UM,3.5,3,3,0,40,2,0,0,0,0,0,0,0,0,0,0,0,0,C,L
STH,7,15.5.96,4S,AL,DM,4.1,7,3,0,10,2,15,0,0,0,0,0,10,0,0,0,0,0,C,L
STH,7,15.5.96,5S,UAL,LF,2.6,0,7,1,30,0,0,0,4,3,5,2,0,0,2,17,19,16,U,L
STH,7,15.5.96,5S,UAL,MF,3.1,2,2,0,10,0,0,0,0,10,0,0,0,0,3,10,13,3,U,L
STH,7,15.5.96,5S,UAL,RF,3.3,0,5,1,10,0,20,0,9,10,2,0,4,0,0,23,23,13,U,L
STH,7,15.5.96,5S,UAL,RM,3.8,2,2,0,15,0,12,0,4,2,2,0,2,0,0,8,8,6,U,L
STH,7,15.5.96,5S,UAL,RB,4.2,3,0,0,3,0,25,0,2,0,8,2,15,0,0,10,10,10,U,L
STH,7,15.5.96,5S,UAL,MB,4.7,7,0,3,3,2,2,0,0,0,0,2,2,0,0,0,0,0,U,L
STH,7,15.5.96,5S,UAL,LB,4.4,1,0,0,5,0,20,0,0,0,0,4,4,0,0,0,0,0,U,L
STH,7,15.5.96,5S,UAL,LM,4,6,0,1,10,0,25,0,4,0,0,10,8,0,0,4,4,4,U,L
STH,7,15.5.96,5S,UAL,UM,3.8,0,0,0,5,0,40,0,5,6,5,0,0,0,0,16,16,10,U,L
STH,7,15.5.96,5S,UAL,DM,4.3,5,0,0,7,0,7,0,0,0,4,3,4,0,0,4,4,4,U,L
STH,7,15.5.96,6S,U,LF,3.3,1,10,3,15,0,2,0,3,5,1,4,0,0,0,10,10,5,U,C
STH,7,15.5.96,6S,U,MF,3.5,1,13,0,15,2,20,0,5,4,7,0,0,0,2,17,19,15,U,C
STH,7,15.5.96,6S,U,RF,3.1,2,24,2,45,0,6,0,2,5,0,0,0,0,0,7,7,2,U,C
STH,7,15.5.96,6S,U,RM,3.2,4,21,1,40,0,0,0,0,0,0,0,0,0,0,0,0,0,U,C
STH,7,15.5.96,6S,U,RB,3.8,1,0,0,5,0,5,0,15,0,5,2,0,0,0,20,20,20,U,C
STH,7,15.5.96,6S,U,MB,3.5,1,0,2,0,5,0,0,15,0,5,20,0,0,2,21,23,23,U,C
STH,7,15.5.96,6S,U,LB,3.5,3,2,3,10,0,0,0,0,0,2,10,0,0,0,4,4,4,U,C
STH,7,15.5.96,6S,U,LM,3.9,0,0,6,10,0,0,0,5,5,20,0,0,0,0,32,32,27,U,C
STH,7,15.5.96,6S,U,UM,3.7,1,2,2,15,0,22,0,3,2,5,0,0,0,2,10,12,10,U,C
STH,7,15.5.96,6S,U,DM,3.4,3,2,0,10,4,27,0,7,0,0,0,0,0,0,7,7,7,U,C
STH,7,15.5.96,7S,C,LF,3,2,10,0,15,0,7,0,0,10,0,0,0,0,0,10,10,0,C,C
STH,7,15.5.96,7S,C,MF,2.7,1,0,0,2,0,0,0,20,2,20,0,0,0,0,49,49,47,C,C
STH,7,15.5.96,7S,C,RF,2.8,0,0,1,5,0,0,0,15,10,0,0,0,0,0,43,43,33,C,C
STH,7,15.5.96,7S,C,RM,3.8,10,2,1,15,3,12,0,0,0,0,0,10,0,0,0,0,0,C,C
STH,7,15.5.96,7S,C,RB,3.9,4,2,0,5,0,32,0,0,0,0,0,2,0,0,0,0,0,C,C
STH,7,15.5.96,7S,C,MB,3.8,4,0,0,2,0,27,0,0,0,0,0,0,0,0,0,0,0,C,C
STH,7,15.5.96,7S,C,LB,3.6,5,1,2,15,0,22,0,0,0,0,4,2,0,0,0,0,0,C,C
STH,7,15.5.96,7S,C,LM,3.3,8,28,2,40,0,0,0,0,0,0,0,5,0,0,0,0,0,C,C
STH,7,15.5.96,7S,C,UM,2.9,5,44,0,20,2,0,0,0,0,0,0,2,0,0,0,0,0,C,C
STH,7,15.5.96,7S,C,DM,3.9,10,6,0,15,0,2,0,0,0,0,5,0,0,0,0,0,0,C,C
STH,7,15.5.96,8S,AL,LF,3.4,1,0,0,5,0,0,0,10,0,20,0,0,0,0,36,36,36,C,L
STH,7,15.5.96,8S,AL,MF,3.1,6,3,1,48,2,2,0,0,10,0,4,0,0,0,10,10,0,C,L
STH,7,15.5.96,8S,AL,RF,3.1,2,2,0,20,20,0,0,0,10,0,0,2,0,0,10,10,0,C,L
STH,7,15.5.96,8S,AL,RM,3.4,8,2,0,20,0,6,0,0,5,0,0,0,0,0,5,5,0,C,L
STH,7,15.5.96,8S,AL,RB,4.3,7,0,0,20,2,0,0,0,0,0,0,4,0,0,0,0,0,C,L
STH,7,15.5.96,8S,AL,MB,4.3,4,0,0,10,0,20,0,0,0,0,2,2,0,0,0,0,0,C,L
STH,7,15.5.96,8S,AL,LB,4.4,8,0,0,20,2,12,0,0,0,0,0,20,0,0,0,0,0,C,L
STH,7,15.5.96,8S,AL,LM,3.6,10,10,0,45,0,6,0,7,2,2,0,0,0,0,13,13,11,C,L
STH,7,15.5.96,8S,AL,UM,3.4,6,4,0,35,0,6,0,0,0,0,0,5,0,0,0,0,0,C,L
STH,7,15.5.96,8S,AL,DM,4.2,4,0,0,10,0,27,0,0,0,0,0,5,0,0,0,0,0,C,L
NTH,1,10.5.94,1N,C,LF,3.9,4,5,1,5,0,0,0,0,0,0,0,0,0,0,0,0,0,C,C
NTH,1,10.5.94,1N,C,RF,3.3,4,4,1,4,0,2,0,0,0,0,0,0,0,0,0,0,0,C,C
NTH,1,10.5.94,1N,C,RB,5.1,1,0,0,2,0,15,0,0,0,0,0,0,0,0,0,0,0,C,C
NTH,1,10.5.94,1N,C,LB,5,4,0,0,2,0,10,0,0,0,0,0,0,0,0,0,0,0,C,C
NTH,1,10.5.94,1N,C,DM,4.8,3,1,0,2,0,10,0,0,0,0,0,0,0,0,0,0,0,C,C
NTH,1,10.5.94,1N,C,UM,4.1,5,2,0,2,0,4,0,0,0,0,0,0,0,0,0,0,0,C,C
NTH,1,10.5.94,1N,C,MF,3.7,3,17,1,2,0,0,0,0,0,0,0,0,0,0,0,0,0,C,C
NTH,1,10.5.94,1N,C,RM,4.5,4,0,0,0,0,10,0,0,0,0,0,0,0,0,0,0,0,C,C
NTH,1,10.5.94,1N,C,MB,5.1,3,1,0,2,0,10,0,0,0,0,0,0,0,0,0,0,0,C,C
NTH,1,10.5.94,1N,C,LM,4.3,7,6,0,20,0,1,0,0,0,0,0,0,0,0,0,0,0,C,C
NTH,1,10.5.94,2N,UAL,LF,3.6,5,2,0,12,2,2,0,0,0,0,0,0,0,0,0,0,0,U,L
NTH,1,10.5.94,2N,UAL,RF,3.5,1,13,0,2,5,0,0,0,0,0,0,0,0,0,0,0,0,U,L
NTH,1,10.5.94,2N,UAL,RB,4.7,0,1,0,5,30,10,0,0,0,0,0,0,0,0,0,0,0,U,L
NTH,1,10.5.94,2N,UAL,LB,5.2,3,0,1,5,0,40,0,0,0,0,0,0,0,0,0,0,0,U,L
NTH,1,10.5.94,2N,UAL,DM,4.8,8,0,1,2,0,10,0,0,0,0,0,0,0,0,0,0,0,U,L
NTH,1,10.5.94,2N,UAL,UM,3.9,3,10,0,2,0,2,0,0,0,0,0,0,0,0,0,0,0,U,L
NTH,1,10.5.94,2N,UAL,MF,3.6,5,14,0,15,0,1,0,0,0,0,0,0,0,0,0,0,0,U,L
NTH,1,10.5.94,2N,UAL,RM,4.1,5,2,0,4,0,30,0,0,0,0,0,0,0,0,0,0,0,U,L
NTH,1,10.5.94,2N,UAL,MB,5,2,2,0,20,0,2,0,0,0,0,0,0,0,0,0,0,0,U,L
NTH,1,10.5.94,2N,UAL,LM,4.6,3,1,0,5,0,15,0,0,0,0,0,0,0,0,0,0,0,U,L
NTH,1,10.5.94,3N,AL,LF,3.7,1,2,0,10,0,25,0,0,0,0,0,0,0,0,0,0,0,C,L
NTH,1,10.5.94,3N,AL,RF,3.6,9,8,2,2,0,0,0,0,0,0,0,0,0,0,0,0,0,C,L
NTH,1,10.5.94,3N,AL,RB,4.9,5,0,1,2,0,15,0,0,0,0,0,0,0,0,0,0,0,C,L
NTH,1,10.5.94,3N,AL,LB,4.8,5,1,1,2,0,2,0,0,0,0,0,0,0,0,0,0,0,C,L
NTH,1,10.5.94,3N,AL,DM,4.5,4,1,1,2,2,5,0,0,0,0,0,0,0,0,0,0,0,C,L
NTH,1,10.5.94,3N,AL,UM,4,4,3,0,5,0,5,0,0,0,0,0,0,0,0,0,0,0,C,L
NTH,1,10.5.94,3N,AL,MF,3.4,1,7,0,5,0,5,0,0,0,0,0,0,0,0,0,0,0,C,L
NTH,1,10.5.94,3N,AL,RM,3.8,1,1,0,5,0,0,0,0,0,0,0,0,0,0,0,0,0,C,L
NTH,1,10.5.94,3N,AL,MB,5,2,0,0,2,0,20,0,0,0,0,0,0,0,0,0,0,0,C,L
NTH,1,10.5.94,3N,AL,LM,4.1,3,0,0,6,0,20,0,0,0,0,0,0,0,0,0,0,0,C,L
NTH,1,10.5.94,4N,U,LF,3.6,7,9,2,4,0,2,0,0,0,0,0,0,0,0,0,0,0,U,C
NTH,1,10.5.94,4N,U,RF,3.7,4,3,0,2,0,5,0,0,0,0,0,0,0,0,0,0,0,U,C
NTH,1,10.5.94,4N,U,RB,4.3,1,0,0,2,0,15,0,0,0,0,0,0,0,0,0,0,0,U,C
NTH,1,10.5.94,4N,U,LB,4.4,5,3,0,2,0,20,0,0,0,0,0,0,0,0,0,0,0,U,C
NTH,1,10.5.94,4N,U,DM,4.1,8,2,1,4,0,2,0,0,0,0,0,0,0,0,0,0,0,U,C
NTH,1,10.5.94,4N,U,UM,3.5,1,6,0,25,2,2,0,0,0,0,0,0,0,0,0,0,0,U,C
NTH,1,10.5.94,4N,U,MF,3.7,2,7,0,2,0,10,0,0,0,0,0,0,0,0,0,0,0,U,C
NTH,1,10.5.94,4N,U,RM,4.2,3,0,0,0,50,0,0,0,0,0,0,0,0,0,0,0,0,U,C
NTH,1,10.5.94,4N,U,MB,4.6,2,4,0,10,0,2,0,0,0,0,0,0,0,0,0,0,0,U,C
NTH,1,10.5.94,4N,U,LM,4.1,1,0,0,15,0,10,0,0,0,0,0,0,0,0,0,0,0,U,C
NTH,1,10.5.94,5N,C,LF,3.5,6,2,0,4,0,5,0,0,0,0,0,0,0,0,0,0,0,C,C
NTH,1,10.5.94,5N,C,RF,3.5,0,6,0,0,50,0,0,0,0,0,0,0,0,0,0,0,0,C,C
NTH,1,10.5.94,5N,C,RB,4.8,8,1,0,5,0,10,0,0,0,0,0,0,0,0,0,0,0,C,C
NTH,1,10.5.94,5N,C,LB,4.4,4,2,1,10,2,2,0,0,0,0,0,0,0,0,0,0,0,C,C
NTH,1,10.5.94,5N,C,DM,4.6,0,0,0,0,0,30,0,0,0,0,0,0,0,0,0,0,0,C,C
NTH,1,10.5.94,5N,C,UM,3.8,2,5,0,5,2,2,0,0,0,0,0,0,0,0,0,0,0,C,C
NTH,1,10.5.94,5N,C,MF,2.8,0,0,0,0,50,0,0,0,0,0,0,0,0,0,0,0,0,C,C
NTH,1,10.5.94,5N,C,RM,4,5,0,0,15,0,10,0,0,0,0,0,0,0,0,0,0,0,C,C
NTH,1,10.5.94,5N,C,MB,4.5,6,0,0,20,0,2,0,0,0,0,0,0,0,0,0,0,0,C,C
NTH,1,10.5.94,5N,C,LM,4.6,1,1,1,0,0,15,0,0,0,0,0,0,0,0,0,0,0,C,C
NTH,1,10.5.94,6N,AL,LF,3.7,9,3,1,40,0,2,0,0,0,0,0,0,0,0,0,0,0,C,L
NTH,1,10.5.94,6N,AL,RF,3.7,3,3,0,10,0,15,0,0,0,0,0,0,0,0,0,0,0,C,L
NTH,1,10.5.94,6N,AL,RB,4.8,4,0,1,0,0,10,0,0,0,0,0,0,0,0,0,0,0,C,L
NTH,1,10.5.94,6N,AL,LB,5.1,5,4,0,4,0,10,0,0,0,0,0,0,0,0,0,0,0,C,L
NTH,1,10.5.94,6N,AL,DM,4.5,3,0,0,1,0,25,0,0,0,0,0,0,0,0,0,0,0,C,L
NTH,1,10.5.94,6N,AL,UM,4,2,6,0,5,0,2,0,0,0,0,0,0,0,0,0,0,0,C,L
NTH,1,10.5.94,6N,AL,MF,3.6,2,2,0,10,10,2,0,0,0,0,0,0,0,0,0,0,0,C,L
NTH,1,10.5.94,6N,AL,RM,4.3,3,0,0,5,0,10,0,0,0,0,0,0,0,0,0,0,0,C,L
NTH,1,10.5.94,6N,AL,MB,4.9,1,0,0,0,0,30,0,0,0,0,0,0,0,0,0,0,0,C,L
NTH,1,10.5.94,6N,AL,LM,4.2,5,2,0,4,0,10,0,0,0,0,0,0,0,0,0,0,0,C,L
NTH,1,10.5.94,7N,U,LF,3.9,2,0,0,2,0,2,0,0,0,0,0,0,0,0,0,0,0,U,C
NTH,1,10.5.94,7N,U,RF,3.8,2,5,0,10,0,5,0,0,0,0,0,0,0,0,0,0,0,U,C
NTH,1,10.5.94,7N,U,RB,4.3,1,2,0,10,0,5,0,0,0,0,0,0,0,0,0,0,0,U,C
NTH,1,10.5.94,7N,U,LB,4.9,0,0,0,0,0,0,0,0,0,0,0,0,0,0,0,0,0,U,C
NTH,1,10.5.94,7N,U,DM,4.9,7,0,1,5,0,15,0,0,0,0,0,0,0,0,0,0,0,U,C
NTH,1,10.5.94,7N,U,UM,4.4,0,2,0,2,0,10,0,0,0,0,0,0,0,0,0,0,0,U,C
NTH,1,10.5.94,7N,U,MF,4.1,2,4,0,10,10,2,0,0,0,0,0,0,0,0,0,0,0,U,C
NTH,1,10.5.94,7N,U,RM,4.7,4,0,0,0,0,25,0,0,0,0,0,0,0,0,0,0,0,U,C
NTH,1,10.5.94,7N,U,MB,5,2,0,1,1,0,30,0,0,0,0,0,0,0,0,0,0,0,U,C
NTH,1,10.5.94,7N,U,LM,3.8,4,1,0,2,0,2,0,0,0,0,0,0,0,0,0,0,0,U,C
NTH,1,10.5.94,8N,UAL,LF,4.2,1,6,0,5,0,5,0,0,0,0,0,0,0,0,0,0,0,U,L
NTH,1,10.5.94,8N,UAL,RF,3.9,4,7,0,10,0,2,0,0,0,0,0,0,0,0,0,0,0,U,L
NTH,1,10.5.94,8N,UAL,RB,4.8,5,1,1,2,0,5,0,0,0,0,0,0,0,0,0,0,0,U,L
NTH,1,10.5.94,8N,UAL,LB,5,0,0,0,4,0,5,0,0,0,0,0,0,0,0,0,0,0,U,L
NTH,1,10.5.94,8N,UAL,DM,4.9,4,0,3,2,0,20,0,0,0,0,0,0,0,0,0,0,0,U,L
NTH,1,10.5.94,8N,UAL,UM,4.4,3,0,0,2,2,10,0,0,0,0,0,0,0,0,0,0,0,U,L
NTH,1,10.5.94,8N,UAL,MF,3.7,1,8,0,10,0,10,0,0,0,0,0,0,0,0,0,0,0,U,L
NTH,1,10.5.94,8N,UAL,RM,4.8,2,0,0,0,0,25,0,0,0,0,0,0,0,0,0,0,0,U,L
NTH,1,10.5.94,8N,UAL,MB,5,5,0,0,0,0,20,0,0,0,0,0,0,0,0,0,0,0,U,L
NTH,1,10.5.94,8N,UAL,LM,4.8,1,2,0,2,0,15,0,0,0,0,0,0,0,0,0,0,0,U,L
NTH,2,17.10.94,1N,C,LF,3.5,8,6,0,8,0,0,6,2,0,0,0,0,16,10,2,28,28,C,C
NTH,2,17.10.94,1N,C,MF,3.4,4,12,3,25,0,0,0,0,0,0,0,0,3,10,0,13,13,C,C
NTH,2,17.10.94,1N,C,RF,3.3,3,1,0,15,2,5,0,0,0,0,0,0,3,15,0,18,18,C,C
NTH,2,17.10.94,1N,C,RM,4.1,2,0,0,8,0,2,0,0,0,0,0,0,0,20,0,20,20,C,C
NTH,2,17.10.94,1N,C,RB,4.6,1,0,0,15,0,0,0,0,0,0,0,0,0,25,0,25,25,C,C
NTH,2,17.10.94,1N,C,MB,4.6,0,0,1,2,0,2,0,0,0,0,0,0,1,40,0,41,41,C,C
NTH,2,17.10.94,1N,C,LB,4.6,1,0,1,2,0,2,0,0,0,0,0,0,2,40,0,42,42,C,C
NTH,2,17.10.94,1N,C,LM,4.1,2,2,0,2,0,5,0,0,0,0,0,0,4,30,0,34,34,C,C
NTH,2,17.10.94,1N,C,UM,3.8,0,3,0,10,0,0,0,0,0,0,0,0,9,15,0,24,24,C,C
NTH,2,17.10.94,1N,C,DM,4.1,1,2,0,10,0,2,0,0,0,0,0,0,3,30,0,33,33,C,C
NTH,2,17.10.94,2N,UAL,LF,3.3,2,0,0,20,0,0,1,0,0,0,0,0,7,10,0,17,17,U,L
NTH,2,17.10.94,2N,UAL,MF,2.9,1,0,0,15,0,3,30,0,0,0,0,0,34,10,0,44,44,U,L
NTH,2,17.10.94,2N,UAL,RF,2.9,0,4,3,15,0,0,1,0,0,0,0,0,4,10,0,14,14,U,L
NTH,2,17.10.94,2N,UAL,RM,3.9,0,0,0,25,0,0,0,0,0,0,0,0,1,25,0,26,26,U,L
NTH,2,17.10.94,2N,UAL,RB,4.6,0,0,2,0,0,0,0,0,0,0,0,0,1,45,0,46,46,U,L
NTH,2,17.10.94,2N,UAL,MB,4.6,0,0,0,0,0,0,0,0,0,0,0,0,4,40,0,44,44,U,L
NTH,2,17.10.94,2N,UAL,LB,4.6,1,0,0,2,0,0,0,0,0,0,0,0,4,45,0,49,49,U,L
NTH,2,17.10.94,2N,UAL,LM,3.9,0,1,0,2,0,5,0,0,0,0,0,0,0,35,0,35,35,U,L
NTH,2,17.10.94,2N,UAL,UM,4,0,0,0,4,0,0,4,0,0,0,0,0,17,15,0,32,32,U,L
NTH,2,17.10.94,2N,UAL,DM,4.1,0,0,0,0,0,10,1,0,0,0,0,0,2,30,0,32,32,U,L
NTH,2,17.10.94,3N,AL,LF,3,1,3,0,5,0,10,1,0,0,0,0,0,2,10,0,12,12,C,L
NTH,2,17.10.94,3N,AL,MF,2.9,4,0,0,20,0,5,2,0,0,0,0,0,2,10,0,12,12,C,L
NTH,2,17.10.94,3N,AL,RF,3,5,0,0,15,0,10,4,0,0,0,0,0,6,15,0,21,21,C,L
NTH,2,17.10.94,3N,AL,RM,3.6,6,1,0,30,0,0,0,0,0,0,0,0,5,10,0,15,15,C,L
NTH,2,17.10.94,3N,AL,RB,4.4,4,0,0,10,0,0,0,0,0,0,0,0,2,25,0,27,27,C,L
NTH,2,17.10.94,3N,AL,MB,4.3,0,0,0,5,0,0,0,0,0,0,0,0,6,48,0,54,54,C,L
NTH,2,17.10.94,3N,AL,LB,4.4,6,1,0,20,0,0,0,0,0,0,0,0,2,15,0,17,17,C,L
NTH,2,17.10.94,3N,AL,LM,4,1,0,0,4,0,2,0,0,0,0,0,0,7,30,0,37,37,C,L
NTH,2,17.10.94,3N,AL,UM,3.5,2,0,0,30,1,0,0,0,0,0,0,0,4,15,0,19,19,C,L
NTH,2,17.10.94,3N,AL,DM,3.8,7,0,0,10,1,0,0,0,0,0,0,0,3,40,0,43,43,C,L
NTH,2,17.10.94,4N,U,LF,3,0,9,0,0,0,15,0,0,0,0,0,0,5,10,0,15,15,U,C
NTH,2,17.10.94,4N,U,MF,2.8,0,20,0,0,0,10,5,0,0,0,0,0,12,25,0,37,37,U,C
NTH,2,17.10.94,4N,U,RF,3.4,0,0,0,0,0,2,0,0,0,0,0,0,3,45,0,48,48,U,C
NTH,2,17.10.94,4N,U,RM,3.6,0,0,0,0,40,0,0,0,0,0,0,0,0,10,0,10,10,U,C
NTH,2,17.10.94,4N,U,RB,4,1,0,0,20,0,0,0,0,0,0,0,0,0,15,0,15,15,U,C
NTH,2,17.10.94,4N,U,MB,4,0,7,1,10,0,10,0,0,0,0,0,0,7,10,0,17,17,U,C
NTH,2,17.10.94,4N,U,LB,4.2,0,0,0,5,0,5,0,0,0,0,0,0,10,45,0,55,55,U,C
NTH,2,17.10.94,4N,U,LM,3.4,0,2,1,20,0,0,0,0,0,0,0,0,0,10,0,10,10,U,C
NTH,2,17.10.94,4N,U,UM,3.1,1,6,0,20,0,0,1,0,0,0,0,0,9,20,0,29,29,U,C
NTH,2,17.10.94,4N,U,DM,3.7,0,3,0,15,0,2,2,0,0,0,0,0,3,5,0,8,8,U,C
NTH,2,17.10.94,5N,C,LF,3.4,7,1,0,5,0,5,0,0,0,0,0,0,5,30,0,35,35,C,C
NTH,2,17.10.94,5N,C,MF,3.3,3,3,0,5,0,0,0,0,0,0,0,0,1,4,0,5,5,C,C
NTH,2,17.10.94,5N,C,RF,3.4,2,7,1,10,0,0,0,0,0,0,0,0,6,10,0,16,16,C,C
NTH,2,17.10.94,5N,C,RM,3.9,0,0,0,2,0,0,0,0,0,0,0,0,0,30,0,30,30,C,C
NTH,2,17.10.94,5N,C,RB,4.1,1,1,0,10,5,0,0,0,0,0,0,0,4,40,0,44,44,C,C
NTH,2,17.10.94,5N,C,MB,3.9,7,4,2,30,0,5,0,0,0,0,0,0,3,10,0,13,13,C,C
NTH,2,17.10.94,5N,C,LB,3.8,4,3,0,10,10,0,0,0,0,0,0,0,6,30,0,36,36,C,C
NTH,2,17.10.94,5N,C,LM,3.7,3,0,0,15,0,0,0,0,0,0,0,0,3,40,0,43,43,C,C
NTH,2,17.10.94,5N,C,UM,3.8,5,1,0,25,0,5,0,0,0,0,0,0,0,15,0,15,15,C,C
NTH,2,17.10.94,5N,C,DM,3.9,0,0,1,10,2,0,0,0,0,0,0,0,4,25,0,29,29,C,C
NTH,2,17.10.94,6N,AL,LF,3.5,3,1,1,15,0,0,0,0,0,0,0,0,0,10,0,10,10,C,L
NTH,2,17.10.94,6N,AL,MF,3.3,3,0,0,20,0,0,0,0,0,0,0,0,0,10,0,10,10,C,L
NTH,2,17.10.94,6N,AL,RF,3.3,7,0,0,15,0,0,0,0,0,0,0,0,0,5,0,5,5,C,L
NTH,2,17.10.94,6N,AL,RM,4,4,0,0,2,0,0,0,0,0,0,0,0,0,40,0,40,40,C,L
NTH,2,17.10.94,6N,AL,RB,4.2,0,0,0,0,0,0,0,0,0,0,0,0,2,40,0,42,42,C,L
NTH,2,17.10.94,6N,AL,MB,4.4,2,0,0,0,0,0,0,0,0,0,0,0,3,10,0,13,13,C,L
NTH,2,17.10.94,6N,AL,LB,4.9,4,1,0,25,0,10,0,0,0,0,0,0,2,15,0,17,17,C,L
NTH,2,17.10.94,6N,AL,LM,3.8,5,0,0,5,0,0,0,0,0,0,0,0,2,40,0,42,42,C,L
NTH,2,17.10.94,6N,AL,UM,3.5,1,0,0,5,0,0,0,0,0,0,0,0,0,20,0,20,20,C,L
NTH,2,17.10.94,6N,AL,DM,4,1,0,1,10,0,0,0,0,0,0,0,0,5,30,0,35,35,C,L
NTH,2,17.10.94,7N,U,LF,3.3,0,1,0,25,0,5,3,0,4,0,0,0,5,10,0,19,15,U,C
NTH,2,17.10.94,7N,U,MF,3.3,0,1,0,15,0,0,0,0,0,0,0,0,10,10,0,20,20,U,C
NTH,2,17.10.94,7N,U,RF,3.1,0,2,0,15,4,0,0,0,0,0,0,0,4,5,0,9,9,U,C
NTH,2,17.10.94,7N,U,RM,4,0,0,0,2,0,0,0,0,0,0,0,0,5,30,0,35,35,U,C
NTH,2,17.10.94,7N,U,RB,4.3,0,0,1,5,10,0,0,0,0,0,0,0,4,25,0,29,29,U,C
NTH,2,17.10.94,7N,U,MB,4.5,0,0,0,0,0,0,0,0,0,0,0,0,2,15,10,27,27,U,C
NTH,2,17.10.94,7N,U,LB,4.5,0,0,0,5,0,0,0,0,0,0,0,0,0,10,0,10,10,U,C
NTH,2,17.10.94,7N,U,LM,3.8,0,0,0,15,0,0,0,0,0,1,0,0,7,35,1,43,43,U,C
NTH,2,17.10.94,7N,U,UM,3.8,0,0,0,20,0,0,4,0,0,0,0,0,6,15,0,21,21,U,C
NTH,2,17.10.94,7N,U,DM,4.4,0,0,0,2,0,0,0,0,0,0,0,0,2,40,0,42,42,U,C
NTH,2,17.10.94,8N,UAL,LF,3.9,0,0,0,2,0,5,0,0,0,1,0,0,15,40,1,56,56,U,L
NTH,2,17.10.94,8N,UAL,MF,3.5,1,1,0,40,0,0,0,0,0,0,0,0,2,10,0,12,12,U,L
NTH,2,17.10.94,8N,UAL,RF,3.4,0,3,0,15,0,0,0,0,0,0,0,0,5,10,0,15,15,U,L
NTH,2,17.10.94,8N,UAL,RM,4.5,0,0,0,2,0,0,0,0,0,0,0,0,4,25,0,29,29,U,L
NTH,2,17.10.94,8N,UAL,RB,4.4,0,0,0,0,0,0,0,0,0,0,0,0,1,20,0,21,21,U,L
NTH,2,17.10.94,8N,UAL,MB,4.4,0,0,0,0,0,0,0,0,0,0,0,0,2,15,0,17,17,U,L
NTH,2,17.10.94,8N,UAL,LB,4.4,0,0,0,10,0,0,0,0,0,0,0,0,2,30,0,32,32,U,L
NTH,2,17.10.94,8N,UAL,LM,4.3,0,0,1,2,0,0,0,0,0,0,0,0,6,40,0,46,46,U,L
NTH,2,17.10.94,8N,UAL,UM,3.8,0,0,0,20,0,0,0,0,0,0,0,0,2,20,0,22,22,U,L
NTH,2,17.10.94,8N,UAL,DM,4.1,0,0,0,2,0,0,0,0,0,0,0,0,4,35,0,39,39,U,L
NTH,3,22.12.94,1N,C,LF,3.3,7,3,0,8,0,0,2,2,0,0,0,0,27,2,2,31,31,C,C
NTH,3,22.12.94,1N,C,MF,3.7,3,6,0,5,0,30,2,0,0,0,0,0,12,15,0,27,27,C,C
NTH,3,22.12.94,1N,C,RF,3.5,3,1,0,4,0,15,0,0,0,2,0,0,10,0,2,12,12,C,C
NTH,3,22.12.94,1N,C,RM,4.6,3,0,1,10,0,10,2,0,0,2,0,0,2,15,2,19,19,C,C
NTH,3,22.12.94,1N,C,RB,4.8,0,0,0,5,0,30,0,0,0,0,0,0,8,10,0,18,18,C,C
NTH,3,22.12.94,1N,C,MB,4.8,1,0,1,2,0,20,0,0,0,0,0,0,0,2,0,2,2,C,C
NTH,3,22.12.94,1N,C,LB,4.8,2,2,0,5,0,25,0,0,0,0,0,0,0,25,0,25,25,C,C
NTH,3,22.12.94,1N,C,LM,4.2,2,0,0,20,0,15,0,0,0,0,0,0,20,10,0,30,30,C,C
NTH,3,22.12.94,1N,C,UM,3.8,4,2,0,15,0,10,1,1,0,10,0,0,16,0,11,27,27,C,C
NTH,3,22.12.94,1N,C,DM,4.6,3,0,0,5,0,35,0,0,0,0,0,0,0,10,0,10,10,C,C
NTH,3,22.12.94,2N,UAL,LF,3.5,0,0,0,10,0,10,0,0,0,0,0,0,10,25,0,35,35,U,L
NTH,3,22.12.94,2N,UAL,MF,3.5,0,0,1,10,5,0,0,0,5,0,1,0,15,10,4,34,29,U,L
NTH,3,22.12.94,2N,UAL,RF,3,0,5,0,15,2,5,5,0,5,0,0,0,5,10,0,20,15,U,L
NTH,3,22.12.94,2N,UAL,RM,3.9,0,0,1,2,0,40,0,0,0,2,0,0,10,15,2,27,27,U,L
NTH,3,22.12.94,2N,UAL,RB,4.9,0,0,0,2,0,20,0,0,0,1,0,0,5,25,1,31,31,U,L
NTH,3,22.12.94,2N,UAL,MB,4.9,0,0,0,2,0,25,0,0,0,0,0,0,0,15,0,15,15,U,L
NTH,3,22.12.94,2N,UAL,LB,4.9,0,0,0,0,0,5,0,0,0,0,0,0,15,15,0,30,30,U,L
NTH,3,22.12.94,2N,UAL,LM,4.2,0,0,0,2,0,5,0,0,0,0,0,0,15,15,0,30,30,U,L
NTH,3,22.12.94,2N,UAL,UM,4.1,0,0,0,0,2,5,0,0,0,0,0,0,40,10,0,50,50,U,L
NTH,3,22.12.94,2N,UAL,DM,4.2,0,0,0,2,0,5,2,0,1,0,0,0,12,16,0,29,28,U,L
NTH,3,22.12.94,3N,AL,LF,3,0,0,0,10,0,5,15,0,0,0,0,0,30,5,0,35,35,C,L
NTH,3,22.12.94,3N,AL,MF,3.1,2,1,0,2,0,20,2,0,0,2,0,0,5,10,2,17,17,C,L
NTH,3,22.12.94,3N,AL,RF,3,4,0,0,15,0,5,0,0,0,0,0,0,25,5,0,30,30,C,L
NTH,3,22.12.94,3N,AL,RM,3.6,2,1,1,15,0,20,0,0,0,0,0,0,10,20,0,30,30,C,L
NTH,3,22.12.94,3N,AL,RB,4.4,3,0,0,10,0,20,0,0,0,0,0,0,0,25,0,25,25,C,L
NTH,3,22.12.94,3N,AL,MB,4.5,0,0,0,5,5,40,0,0,0,0,0,0,10,5,0,15,15,C,L
NTH,3,22.12.94,3N,AL,LB,4.7,4,0,0,2,0,5,0,0,0,0,0,0,25,0,0,25,25,C,L
NTH,3,22.12.94,3N,AL,LM,4.1,1,0,0,2,0,2,0,0,0,2,0,0,5,16,2,23,23,C,L
NTH,3,22.12.94,3N,AL,UM,3.7,1,1,0,2,0,20,0,2,0,0,0,0,15,5,2,22,22,C,L
NTH,3,22.12.94,3N,AL,DM,4.1,2,0,0,2,0,10,0,0,0,0,0,0,15,20,1,36,36,C,L
NTH,3,22.12.94,4N,U,LF,3.4,0,6,1,10,0,2,0,0,0,0,0,0,25,10,0,35,35,U,C
NTH,3,22.12.94,4N,U,MF,3.2,0,12,0,10,0,0,1,0,2,0,0,0,11,10,0,23,21,U,C
NTH,3,22.12.94,4N,U,RF,3.4,0,2,0,2,0,0,0,0,0,0,0,0,20,25,0,45,45,U,C
NTH,3,22.12.94,4N,U,RM,3.7,0,0,0,5,15,2,0,0,0,0,0,0,26,5,0,31,31,U,C
NTH,3,22.12.94,4N,U,RB,4.2,0,0,0,2,0,30,0,0,0,0,0,0,5,10,0,15,15,U,C
NTH,3,22.12.94,4N,U,MB,5.2,2,4,0,20,0,2,0,2,0,0,0,0,15,15,2,32,32,U,C
NTH,3,22.12.94,4N,U,LB,4.2,0,2,0,2,0,10,0,0,0,0,0,0,25,10,0,35,35,U,C
NTH,3,22.12.94,4N,U,LM,3.5,0,7,1,10,0,5,2,0,0,0,0,0,17,2,0,19,19,U,C
NTH,3,22.12.94,4N,U,UM,3.3,0,4,0,40,0,0,1,0,0,0,0,0,31,5,0,36,36,U,C
NTH,3,22.12.94,4N,U,DM,3.8,0,0,0,1,25,0,0,0,0,0,0,0,15,15,0,30,30,U,C
NTH,3,22.12.94,5N,C,LF,3.5,2,0,0,0,15,5,0,0,0,0,0,0,40,5,0,45,45,C,C
NTH,3,22.12.94,5N,C,MF,3.4,3,0,0,5,40,0,0,0,2,0,0,0,5,10,5,22,20,C,C
NTH,3,22.12.94,5N,C,RF,3.4,2,4,2,40,10,5,0,0,0,0,0,0,5,20,0,25,25,C,C
NTH,3,22.12.94,5N,C,RM,4.2,0,0,0,0,0,0,0,0,0,0,0,0,0,20,0,20,20,C,C
NTH,3,22.12.94,5N,C,RB,4.2,1,0,0,10,0,15,0,0,0,0,0,0,7,10,0,17,17,C,C
NTH,3,22.12.94,5N,C,MB,4.2,0,2,0,10,0,20,0,0,0,0,0,0,15,15,0,30,30,C,C
NTH,3,22.12.94,5N,C,LB,4.1,5,4,0,0,0,20,0,0,0,0,0,0,11,10,0,21,21,C,C
NTH,3,22.12.94,5N,C,LM,4,0,0,0,0,0,0,0,0,0,0,0,0,0,10,0,10,10,C,C
NTH,3,22.12.94,5N,C,UM,3.5,5,6,0,45,0,0,0,0,0,0,0,0,10,10,0,20,20,C,C
NTH,3,22.12.94,5N,C,DM,4.1,0,0,1,0,20,20,0,0,0,0,0,0,0,15,0,15,15,C,C
NTH,3,22.12.94,6N,AL,LF,3.4,5,1,1,25,0,5,2,0,0,0,0,0,17,5,0,22,22,C,L
NTH,3,22.12.94,6N,AL,MF,3.3,3,3,1,40,0,0,2,0,0,0,0,0,17,10,0,27,27,C,L
NTH,3,22.12.94,6N,AL,RF,3.4,7,1,0,5,0,10,0,1,0,0,0,0,35,10,1,46,46,C,L
NTH,3,22.12.94,6N,AL,RM,4.3,0,0,0,0,0,20,0,0,0,0,0,0,0,40,0,40,40,C,L
NTH,3,22.12.94,6N,AL,RB,4.7,2,0,0,0,0,0,0,0,0,0,0,0,5,40,0,45,45,C,L
NTH,3,22.12.94,6N,AL,MB,4.7,2,0,0,0,0,2,0,0,0,0,0,0,10,10,0,20,20,C,L
NTH,3,22.12.94,6N,AL,LB,4.6,4,0,0,10,0,0,0,0,0,0,0,0,0,10,0,10,10,C,L
NTH,3,22.12.94,6N,AL,LM,4.3,1,0,0,2,0,10,0,0,0,0,0,0,5,10,0,15,15,C,L
NTH,3,22.12.94,6N,AL,UM,4,2,0,1,2,0,10,0,0,0,2,0,0,15,35,2,52,52,C,L
NTH,3,22.12.94,6N,AL,DM,4.1,1,0,0,15,0,0,0,0,0,0,0,0,5,35,0,40,40,C,L
NTH,3,22.12.94,7N,U,LF,3.6,0,0,0,5,0,0,0,0,10,0,0,0,10,15,0,35,25,U,C
NTH,3,22.12.94,7N,U,MF,3.3,0,0,0,5,0,0,5,0,0,0,0,0,20,15,0,35,35,U,C
NTH,3,22.12.94,7N,U,RF,3.5,0,2,1,10,0,0,1,0,2,0,0,0,11,15,0,28,26,U,C
NTH,3,22.12.94,7N,U,RM,3.9,0,0,0,0,0,0,0,0,0,0,0,0,0,45,0,45,45,U,C
NTH,3,22.12.94,7N,U,RB,3.8,0,2,0,2,0,10,0,0,0,0,0,0,12,20,0,32,32,U,C
NTH,3,22.12.94,7N,U,MB,4.7,0,0,0,0,0,0,0,2,0,5,0,0,0,45,7,52,52,U,C
NTH,3,22.12.94,7N,U,LB,4.7,0,0,0,2,0,0,0,0,0,0,0,0,0,15,0,15,15,U,C
NTH,3,22.12.94,7N,U,LM,4.6,0,0,0,0,0,5,0,0,0,5,0,0,17,20,5,42,42,U,C
NTH,3,22.12.94,7N,U,UM,4.1,0,0,0,5,0,5,0,0,0,2,0,0,30,2,4,36,36,U,C
NTH,3,22.12.94,7N,U,DM,4.3,0,0,0,2,0,10,0,0,0,0,0,0,0,25,0,25,25,U,C
NTH,3,22.12.94,8N,UAL,LF,3.6,0,1,0,10,0,0,0,0,0,0,8,0,40,5,0,45,45,U,L
NTH,3,22.12.94,8N,UAL,MF,3.6,1,0,0,15,0,5,0,0,0,0,0,0,35,15,0,50,50,U,L
NTH,3,22.12.94,8N,UAL,RF,3.2,0,0,0,10,0,0,0,0,0,0,0,0,32,10,0,42,42,U,L
NTH,3,22.12.94,8N,UAL,RM,4.6,0,0,0,2,0,0,0,0,0,1,0,0,5,15,1,21,21,U,L
NTH,3,22.12.94,8N,UAL,RB,4.6,0,0,0,2,0,0,0,0,0,0,0,0,20,20,0,40,40,U,L
NTH,3,22.12.94,8N,UAL,MB,4.6,0,0,0,2,0,10,0,0,0,0,0,0,10,20,0,30,30,U,L
NTH,3,22.12.94,8N,UAL,LB,4.4,1,0,0,10,0,5,0,0,0,0,0,0,15,15,0,30,30,U,L
NTH,3,22.12.94,8N,UAL,LM,4.4,0,0,0,5,0,5,0,0,0,0,5,0,30,5,0,35,35,U,L
NTH,3,22.12.94,8N,UAL,UM,3.8,0,1,0,10,0,5,0,0,0,0,0,0,10,15,0,25,25,U,L
NTH,3,22.12.94,8N,UAL,DM,3.8,0,0,1,2,0,0,0,0,0,0,0,0,5,40,0,45,45,U,L
NTH,4,23.3.95,1N,C,LF,3.6,10,8,5,15,1,20,2,0,0,0,0,20,3,0,0,3,3,C,C
NTH,4,23.3.95,1N,C,MF,3.7,2,10,0,10,0,30,1,0,0,0,0,0,2,5,0,7,7,C,C
NTH,4,23.3.95,1N,C,RF,3.7,3,1,0,2,20,10,1,0,0,0,0,5,5,0,0,5,5,C,C
NTH,4,23.3.95,1N,C,RM,4,0,0,0,2,0,35,0,2,0,2,0,2,0,5,4,9,9,C,C
NTH,4,23.3.95,1N,C,RB,4.8,2,0,0,2,0,45,0,0,0,0,0,10,0,5,0,5,5,C,C
NTH,4,23.3.95,1N,C,MB,4.9,6,1,0,2,0,40,5,0,0,0,0,10,7,2,0,9,9,C,C
NTH,4,23.3.95,1N,C,LB,4.8,0,0,1,2,0,40,10,0,0,0,0,0,10,8,0,18,18,C,C
NTH,4,23.3.95,1N,C,LM,4.3,3,0,2,1,0,50,1,0,0,0,0,10,2,0,0,2,2,C,C
NTH,4,23.3.95,1N,C,UM,3.7,9,4,1,20,0,15,15,1,0,0,0,5,16,0,1,17,17,C,C
NTH,4,23.3.95,1N,C,DM,4.2,0,1,0,5,0,40,4,0,0,0,0,0,4,10,0,14,14,C,C
NTH,4,23.3.95,2N,UAL,LF,3.3,2,1,1,10,0,40,10,2,0,0,10,10,10,0,2,12,12,U,L
NTH,4,23.3.95,2N,UAL,MF,3.1,0,0,0,5,40,15,0,1,0,1,10,0,0,0,2,2,2,U,L
NTH,4,23.3.95,2N,UAL,RF,3,0,0,0,15,2,15,15,0,5,2,2,2,15,0,2,22,17,U,L
NTH,4,23.3.95,2N,UAL,RM,3.3,0,0,0,0,0,30,30,0,0,1,0,0,30,0,1,31,31,U,L
NTH,4,23.3.95,2N,UAL,RB,4.5,0,0,0,0,0,48,5,0,0,5,0,0,5,2,5,12,12,U,L
NTH,4,23.3.95,2N,UAL,MB,4.9,0,0,1,0,0,40,0,0,0,1,0,40,0,0,3,3,3,U,L
NTH,4,23.3.95,2N,UAL,LB,4.9,3,0,0,5,0,20,0,0,0,0,0,15,0,0,0,0,0,U,L
NTH,4,23.3.95,2N,UAL,LM,4.2,1,0,0,0,0,48,0,0,0,1,0,2,0,0,1,1,1,U,L
NTH,4,23.3.95,2N,UAL,UM,4,0,0,0,5,20,25,5,1,0,1,0,0,10,0,2,12,12,U,L
NTH,4,23.3.95,2N,UAL,DM,4.3,1,0,0,10,2,40,0,0,0,2,0,0,0,0,2,2,2,U,L
NTH,4,23.3.95,3N,AL,LF,3.1,3,5,1,15,0,20,20,6,0,2,0,5,22,0,10,32,32,C,L
NTH,4,23.3.95,3N,AL,MF,3,1,0,0,10,0,35,15,0,0,0,2,0,15,0,0,15,15,C,L
NTH,4,23.3.95,3N,AL,RF,3.1,8,1,1,10,0,30,4,0,0,0,0,5,6,0,0,6,6,C,L
NTH,4,23.3.95,3N,AL,RM,3.7,3,2,0,10,0,30,10,1,0,0,0,0,12,0,1,13,13,C,L
NTH,4,23.3.95,3N,AL,RB,4.5,0,0,0,5,0,40,1,0,0,5,15,20,2,0,5,7,7,C,L
NTH,4,23.3.95,3N,AL,MB,4.6,3,0,0,0,0,40,0,0,0,0,0,5,0,5,0,5,5,C,L
NTH,4,23.3.95,3N,AL,LB,4.5,6,0,1,5,0,40,2,0,0,0,0,25,2,0,0,2,2,C,L
NTH,4,23.3.95,3N,AL,LM,3.9,2,0,0,2,0,20,5,5,0,0,0,0,5,0,5,10,10,C,L
NTH,4,23.3.95,3N,AL,UM,3.5,2,2,0,10,0,40,20,0,0,0,0,0,20,0,0,20,20,C,L
NTH,4,23.3.95,3N,AL,DM,3.9,1,0,0,8,5,40,0,0,0,0,0,10,0,0,0,0,0,C,L
NTH,4,23.3.95,4N,U,LF,3.3,0,3,1,5,0,40,10,0,0,1,0,0,12,0,1,13,13,U,C
NTH,4,23.3.95,4N,U,MF,3.2,0,12,1,10,0,35,10,10,2,5,0,0,10,1,16,29,27,U,C
NTH,4,23.3.95,4N,U,RF,3.3,1,0,0,2,0,45,2,0,1,2,0,0,3,0,2,6,5,U,C
NTH,4,23.3.95,4N,U,RM,3.7,0,0,0,0,0,30,1,2,0,0,0,2,1,0,2,3,3,U,C
NTH,4,23.3.95,4N,U,RB,4.2,2,0,3,10,0,40,0,0,0,0,0,0,1,5,0,6,6,U,C
NTH,4,23.3.95,4N,U,MB,3.9,1,7,1,20,0,10,1,2,0,0,5,2,1,0,2,3,3,U,C
NTH,4,23.3.95,4N,U,LB,4.3,1,0,1,1,2,0,15,0,0,0,0,0,17,0,0,17,17,U,C
NTH,4,23.3.95,4N,U,LM,3.6,2,1,0,5,0,30,20,2,0,0,0,0,20,0,2,22,22,U,C
NTH,4,23.3.95,4N,U,UM,3.3,2,8,0,10,0,15,5,5,0,0,0,0,5,0,5,10,10,U,C
NTH,4,23.3.95,4N,U,DM,3.9,1,0,1,5,0,40,1,3,0,0,0,5,1,0,3,4,4,U,C
NTH,4,23.3.95,5N,C,LF,3.5,3,9,0,5,35,2,0,1,0,0,0,0,0,2,4,6,6,C,C
NTH,4,23.3.95,5N,C,MF,3.3,2,3,1,10,15,15,0,0,0,0,0,0,0,0,0,0,0,C,C
NTH,4,23.3.95,5N,C,RF,3.6,2,2,0,5,0,30,0,0,0,0,0,2,0,0,2,2,2,C,C
NTH,4,23.3.95,5N,C,RM,4.3,0,0,0,5,0,25,0,0,0,0,0,0,2,2,0,4,4,C,C
NTH,4,23.3.95,5N,C,RB,4.5,5,0,3,5,0,25,5,0,0,0,0,0,7,0,0,7,7,C,C
NTH,4,23.3.95,5N,C,MB,4.2,7,0,1,15,0,15,0,0,0,0,0,2,0,2,0,2,2,C,C
NTH,4,23.3.95,5N,C,LB,4.2,4,2,0,5,15,5,0,0,0,0,5,0,0,0,0,0,0,C,C
NTH,4,23.3.95,5N,C,LM,4.3,2,0,1,0,0,10,2,0,0,2,0,0,2,0,2,4,4,C,C
NTH,4,23.3.95,5N,C,UM,3.5,7,4,1,20,0,20,1,0,0,0,0,10,2,0,0,2,2,C,C
NTH,4,23.3.95,5N,C,DM,3.9,6,0,0,30,0,15,0,0,0,0,0,5,0,2,0,2,2,C,C
NTH,4,23.3.95,6N,AL,LF,3.3,3,1,1,10,0,35,1,0,0,0,0,0,1,0,0,1,1,C,L
NTH,4,23.3.95,6N,AL,MF,3.5,8,0,0,15,0,25,1,0,0,0,0,5,1,0,0,1,1,C,L
NTH,4,23.3.95,6N,AL,RF,3.5,6,2,1,15,0,10,5,1,0,0,0,0,5,5,1,11,11,C,L
NTH,4,23.3.95,6N,AL,RM,4.2,4,0,0,2,0,45,15,0,0,0,0,0,15,0,0,15,15,C,L
NTH,4,23.3.95,6N,AL,RB,4.8,0,0,0,0,0,25,0,0,0,0,0,0,0,0,4,4,4,C,L
NTH,4,23.3.95,6N,AL,MB,4.9,2,0,2,2,0,10,0,0,0,0,0,0,0,5,0,5,5,C,L
NTH,4,23.3.95,6N,AL,LB,4.5,5,3,0,5,0,40,5,0,0,0,0,10,5,0,0,5,5,C,L
NTH,4,23.3.95,6N,AL,LM,4.1,4,0,0,5,0,45,6,0,0,0,0,0,7,0,0,7,7,C,L
NTH,4,23.3.95,6N,AL,UM,3.3,4,1,1,15,10,10,0,1,0,0,10,0,0,0,2,2,2,C,L
NTH,4,23.3.95,6N,AL,DM,4,4,0,1,20,0,10,5,0,0,0,5,0,6,0,0,6,6,C,L
NTH,4,23.3.95,7N,U,LF,3.6,0,3,0,30,0,2,5,0,20,0,0,0,5,2,0,27,7,U,C
NTH,4,23.3.95,7N,U,MF,3.3,1,4,0,10,45,10,0,0,0,0,0,2,0,0,0,0,0,U,C
NTH,4,23.3.95,7N,U,RF,3.3,1,5,1,10,0,25,10,1,10,0,0,0,10,0,1,21,11,U,C
NTH,4,23.3.95,7N,U,RM,4.3,0,0,0,0,0,20,5,0,0,10,0,0,5,5,11,21,21,U,C
NTH,4,23.3.95,7N,U,RB,4,0,4,0,15,0,10,10,5,0,0,0,0,10,0,5,15,15,U,C
NTH,4,23.3.95,7N,U,MB,4.6,0,0,0,0,0,10,0,0,0,10,0,0,0,5,10,15,15,U,C
NTH,4,23.3.95,7N,U,LB,4.6,0,0,0,0,0,0,0,0,0,0,0,0,0,0,0,0,0,U,C
NTH,4,23.3.95,7N,U,LM,3.9,0,0,0,40,0,0,0,25,0,20,0,0,0,0,84,84,84,U,C
NTH,4,23.3.95,7N,U,UM,3.5,0,0,0,0,0,45,35,0,0,5,10,0,35,0,7,42,42,U,C
NTH,4,23.3.95,7N,U,DM,4.2,0,0,0,0,0,40,0,0,0,15,0,0,0,0,15,15,15,U,C
NTH,4,23.3.95,8N,UAL,LF,4,1,1,1,2,0,45,0,0,0,2,5,0,0,0,2,2,2,U,L
NTH,4,23.3.95,8N,UAL,MF,3.8,0,0,0,5,0,40,5,0,0,0,0,0,5,5,0,10,10,U,L
NTH,4,23.3.95,8N,UAL,RF,3.6,0,8,0,30,0,5,0,0,2,0,0,0,0,0,0,2,0,U,L
NTH,4,23.3.95,8N,UAL,RM,4.5,1,0,1,1,0,10,20,0,0,0,0,0,20,0,1,21,21,U,L
NTH,4,23.3.95,8N,UAL,RB,4.6,0,0,0,0,0,10,0,0,0,0,0,0,0,5,0,5,5,U,L
NTH,4,23.3.95,8N,UAL,MB,4.5,0,0,0,1,0,10,0,1,0,0,0,0,0,5,1,6,6,U,L
NTH,4,23.3.95,8N,UAL,LB,4.7,0,0,0,1,0,20,10,0,0,0,0,5,10,5,0,15,15,U,L
NTH,4,23.3.95,8N,UAL,LM,4.5,0,0,1,2,0,20,15,0,0,0,0,0,15,0,1,16,16,U,L
NTH,4,23.3.95,8N,UAL,UM,4.1,0,1,0,5,0,30,20,0,0,0,0,0,20,5,0,25,25,U,L
NTH,4,23.3.95,8N,UAL,DM,4.4,0,0,0,10,0,35,7,0,0,2,0,0,7,0,2,9,9,U,L
NTH,5,2.8.95,1N,C,LF,4.267,4,6,0,15,0,20,0,0,0,0,0,0,0,10,0,10,10,C,C
NTH,5,2.8.95,1N,C,MF,4.267,5,7,0,25,0,10,0,0,0,0,0,0,0,5,0,5,5,C,C
NTH,5,2.8.95,1N,C,RF,4.267,0,0,0,0,30,0,1,1,0,1,3,0,2,0,3,5,5,C,C
NTH,5,2.8.95,1N,C,RM,4.572,1,0,0,0,0,25,0,2,0,5,0,0,0,5,7,12,12,C,C
NTH,5,2.8.95,1N,C,RB,5.182,5,0,0,15,0,10,0,0,0,0,0,0,0,10,0,10,10,C,C
NTH,5,2.8.95,1N,C,MB,5.486,6,0,1,15,0,20,0,0,0,0,0,0,0,12,0,12,12,C,C
NTH,5,2.8.95,1N,C,LB,5.182,2,0,0,8,0,40,0,0,0,0,10,0,0,2,0,2,2,C,C
NTH,5,2.8.95,1N,C,LM,5.182,3,2,2,40,0,15,0,0,0,0,0,0,0,3,0,3,3,C,C
NTH,5,2.8.95,1N,C,UM,5.182,0,1,2,5,0,20,0,0,0,0,0,0,0,10,0,10,10,C,C
NTH,5,2.8.95,1N,C,DM,4.572,3,0,1,0,0,40,0,0,0,0,0,0,1,5,0,6,6,C,C
NTH,5,2.8.95,2N,UAL,LF,3.658,1,1,0,10,0,4,2,2,0,2,15,2,2,12,4,18,18,U,L
NTH,5,2.8.95,2N,UAL,MF,3.658,0,2,1,20,0,4,0,0,2,0,0,5,0,40,4,46,44,U,L
NTH,5,2.8.95,2N,UAL,RF,3.353,0,2,1,15,0,4,0,15,15,0,0,5,0,11,20,46,31,U,L
NTH,5,2.8.95,2N,UAL,RM,5.182,0,0,0,0,0,45,0,2,0,10,0,0,1,1,12,14,14,U,L
NTH,5,2.8.95,2N,UAL,RB,5.486,0,0,0,0,0,35,0,0,0,0,0,0,0,7,0,7,7,U,L
NTH,5,2.8.95,2N,UAL,MB,5.182,0,0,0,0,0,35,0,0,0,2,0,0,0,4,4,8,8,U,L
NTH,5,2.8.95,2N,UAL,LB,5.182,0,0,2,5,0,30,0,0,0,2,0,0,0,6,5,11,11,U,L
NTH,5,2.8.95,2N,UAL,LM,4.572,0,1,0,2,0,45,0,0,0,0,0,2,2,3,6,11,11,U,L
NTH,5,2.8.95,2N,UAL,UM,4.267,0,0,0,2,40,8,0,4,0,0,0,0,0,2,4,6,6,U,L
NTH,5,2.8.95,2N,UAL,DM,4.877,0,0,0,0,0,48,0,0,0,2,0,0,0,12,2,14,14,U,L
NTH,5,2.8.95,3N,AL,LF,3.353,4,8,1,25,0,0,2,3,0,0,10,0,4,2,3,9,9,C,L
NTH,5,2.8.95,3N,AL,MF,5.182,5,0,2,10,0,15,0,1,5,2,0,0,0,3,3,11,6,C,L
NTH,5,2.8.95,3N,AL,RF,3.658,3,1,0,15,0,10,0,0,5,0,0,0,0,16,0,21,16,C,L
NTH,5,2.8.95,3N,AL,RM,3.962,5,0,1,15,0,15,0,0,0,1,2,0,0,10,1,11,11,C,L
NTH,5,2.8.95,3N,AL,RB,4.572,1,0,1,2,0,20,0,0,0,2,0,2,0,15,2,17,17,C,L
NTH,5,2.8.95,3N,AL,MB,4.877,1,0,0,5,2,0,0,0,0,0,5,0,0,11,0,11,11,C,L
NTH,5,2.8.95,3N,AL,LB,4.877,8,0,1,5,0,20,0,0,0,0,5,5,0,0,0,0,0,C,L
NTH,5,2.8.95,3N,AL,LM,4.267,1,0,0,4,0,20,0,0,0,3,0,3,0,12,3,15,15,C,L
NTH,5,2.8.95,3N,AL,UM,3.962,2,1,1,25,0,8,0,0,0,0,20,0,0,10,0,10,10,C,L
NTH,5,2.8.95,3N,AL,DM,4.267,3,0,0,8,4,25,0,0,0,0,0,0,0,5,0,5,5,C,L
NTH,5,2.8.95,4N,U,LF,3.658,0,5,1,10,0,30,0,4,0,15,0,0,0,7,20,27,27,U,C
NTH,5,2.8.95,4N,U,MF,3.658,0,4,2,8,0,25,0,5,2,5,0,0,0,5,12,19,17,U,C
NTH,5,2.8.95,4N,U,RF,3.962,2,4,1,8,0,45,0,4,1,3,4,0,0,2,7,10,9,U,C
NTH,5,2.8.95,4N,U,RM,3.962,0,0,0,0,0,40,0,2,0,1,0,0,0,3,3,6,6,U,C
NTH,5,2.8.95,4N,U,RB,4.877,2,0,1,15,0,35,0,0,0,3,0,0,0,5,3,8,8,U,C
NTH,5,2.8.95,4N,U,MB,4.572,1,7,0,15,0,15,0,0,0,0,0,0,0,6,0,6,6,U,C
NTH,5,2.8.95,4N,U,LB,4.877,0,2,0,0,0,48,0,2,0,4,0,0,0,4,6,10,10,U,C
NTH,5,2.8.95,4N,U,LM,3.962,0,0,1,10,0,15,0,2,0,2,5,0,0,5,4,9,9,U,C
NTH,5,2.8.95,4N,U,UM,,,,,,,,,,,0,,,,,,,,U,C
NTH,5,2.8.95,4N,U,DM,,,,,,,,,,,0,,,,,,,,U,C
NTH,5,2.8.95,5N,C,LF,3.353,4,2,0,2,48,2,0,7,0,0,0,0,0,2,7,9,9,C,C
NTH,5,2.8.95,5N,C,MF,3.658,5,0,0,4,48,2,0,0,0,0,0,0,0,1,2,3,3,C,C
NTH,5,2.8.95,5N,C,RF,3.658,3,4,0,20,0,20,0,0,0,0,0,5,0,1,0,1,1,C,C
NTH,5,2.8.95,5N,C,RM,4.572,0,0,0,5,0,0,0,0,0,1,0,0,0,1,1,2,2,C,C
NTH,5,2.8.95,5N,C,RB,4.572,7,0,0,10,0,3,0,0,0,0,0,0,0,10,0,10,10,C,C
NTH,5,2.8.95,5N,C,MB,4.572,2,1,1,5,0,25,0,0,0,0,0,0,0,2,0,2,2,C,C
NTH,5,2.8.95,5N,C,LB,4.267,2,2,1,15,0,30,0,0,0,0,2,0,0,1,0,1,1,C,C
NTH,5,2.8.95,5N,C,LM,4.267,0,0,0,2,0,0,0,0,0,2,0,0,0,0,2,2,2,C,C
NTH,5,2.8.95,5N,C,UM,4.267,4,0,0,5,0,30,0,0,0,0,0,0,0,5,0,5,5,C,C
NTH,5,2.8.95,5N,C,DM,4.267,4,0,1,20,0,25,0,0,0,0,0,0,0,5,0,5,5,C,C
NTH,5,2.8.95,6N,AL,LF,3.658,4,0,0,30,0,0,0,0,0,0,0,0,0,1,0,1,1,C,L
NTH,5,2.8.95,6N,AL,MF,3.962,7,0,0,35,0,0,0,0,0,0,0,5,0,4,0,4,4,C,L
NTH,5,2.8.95,6N,AL,RF,3.962,3,1,0,10,0,20,0,0,0,0,0,2,0,0,0,0,0,C,L
NTH,5,2.8.95,6N,AL,RM,4.267,1,0,0,2,0,48,0,0,0,2,0,0,0,7,2,9,9,C,L
NTH,5,2.8.95,6N,AL,RB,4.877,0,0,0,0,0,2,0,0,0,0,0,0,0,2,0,2,2,C,L
NTH,5,2.8.95,6N,AL,MB,4.877,2,0,0,3,0,10,0,0,0,2,0,0,0,0,6,6,6,C,L
NTH,5,2.8.95,6N,AL,LB,4.877,7,2,2,15,0,25,0,0,0,0,0,0,0,5,0,5,5,C,L
NTH,5,2.8.95,6N,AL,LM,4.572,2,0,0,20,0,20,0,0,0,0,2,0,0,5,0,5,5,C,L
NTH,5,2.8.95,6N,AL,UM,3.962,1,2,0,2,0,20,0,0,0,0,0,0,0,6,0,6,6,C,L
NTH,5,2.8.95,6N,AL,DM,4.572,2,0,0,2,0,48,0,0,0,2,0,0,0,2,5,7,7,C,L
NTH,5,2.8.95,7N,U,LF,3.962,1,4,1,25,0,2,0,4,0,0,10,0,0,2,4,6,6,U,C
NTH,5,2.8.95,7N,U,MF,3.962,0,4,1,10,0,2,1,2,0,0,0,0,2,11,4,17,17,U,C
NTH,5,2.8.95,7N,U,RF,3.658,0,3,1,6,0,20,0,2,2,0,4,0,0,6,2,10,8,U,C
NTH,5,2.8.95,7N,U,RM,4.572,0,0,2,0,0,20,0,0,0,20,4,0,0,0,22,22,22,U,C
NTH,5,2.8.95,7N,U,RB,4.572,1,0,0,20,0,20,1,0,0,5,0,0,2,7,5,14,14,U,C
NTH,5,2.8.95,7N,U,MB,4.877,1,0,0,0,0,25,0,0,0,1,0,0,0,4,1,5,5,U,C
NTH,5,2.8.95,7N,U,LB,5.182,0,0,0,0,0,0,0,5,0,0,0,0,0,2,5,7,7,U,C
NTH,5,2.8.95,7N,U,LM,4.267,0,0,0,2,4,25,0,0,0,5,0,0,0,4,9,13,13,U,C
NTH,5,2.8.95,7N,U,UM,4.572,0,0,0,2,0,25,0,0,0,6,10,0,0,2,8,10,10,U,C
NTH,5,2.8.95,7N,U,DM,4.877,0,0,0,0,0,30,0,0,0,15,10,0,0,2,15,17,17,U,C
NTH,5,2.8.95,8N,UAL,LF,4.267,0,0,1,8,0,8,0,6,0,3,15,2,0,0,9,9,9,U,L
NTH,5,2.8.95,8N,UAL,MF,4.267,0,1,1,25,0,20,0,4,0,0,0,2,0,8,4,12,12,U,L
NTH,5,2.8.95,8N,UAL,RF,3.962,0,5,0,0,0,5,0,2,0,2,0,0,0,17,4,21,21,U,L
NTH,5,2.8.95,8N,UAL,RM,4.572,0,0,0,2,0,20,0,0,4,8,0,0,0,0,8,12,8,U,L
NTH,5,2.8.95,8N,UAL,RB,4.877,0,0,0,2,0,0,0,2,0,0,0,0,0,2,2,4,4,U,L
NTH,5,2.8.95,8N,UAL,MB,5.182,0,0,0,0,0,30,0,0,0,0,0,0,0,5,1,6,6,U,L
NTH,5,2.8.95,8N,UAL,LB,4.877,2,0,0,4,0,35,0,0,0,2,0,0,0,2,2,4,4,U,L
NTH,5,2.8.95,8N,UAL,LM,4.877,0,0,2,1,0,45,0,0,0,3,0,0,0,5,4,9,9,U,L
NTH,5,2.8.95,8N,UAL,UM,4.267,0,0,1,10,0,0,0,4,0,4,0,2,0,5,10,15,15,U,L
NTH,5,2.8.95,8N,UAL,DM,4.877,0,0,0,2,5,25,0,2,0,8,0,0,0,3,10,13,13,U,L
NTH,6,3.11.95,1N,C,LF,3.3,5,9,1,20,0,12.5,0,0,0,0,0,0,0,7,0,7,7,C,C
NTH,6,3.11.95,1N,C,MF,3.3,4,4,0,20,0,7,1,0,0,0,0,0,2,18,0,20,20,C,C
NTH,6,3.11.95,1N,C,RF,3.3,0,5,0,15,30,2.5,2,1,0,2,0,0,2,2,5,9,9,C,C
NTH,6,3.11.95,1N,C,RM,4.2,4,0,0,0,0,7.5,0,0,0,6,0,0,0,48,6,54,54,C,C
NTH,6,3.11.95,1N,C,RB,4.7,2,0,1,6,0,9.5,0,0,0,0,0,2,0,10,0,10,10,C,C
NTH,6,3.11.95,1N,C,MB,4.6,5,1,1,15,0,23,0,0,0,0,0,0,0,15,0,15,15,C,C
NTH,6,3.11.95,1N,C,LB,4.5,0,0,0,4,0,0,0,0,0,0,0,0,0,40,2,42,42,C,C
NTH,6,3.11.95,1N,C,LM,4.2,5,3,0,10,0,12.5,0,0,0,0,0,0,0,35,0,35,35,C,C
NTH,6,3.11.95,1N,C,UM,3.8,3,4,0,15,0,7.5,0,0,0,0,0,0,0,10,0,10,10,C,C
NTH,6,3.11.95,1N,C,DM,4.2,2,0,0,2,0,20,0,0,0,0,0,0,0,15,0,15,15,C,C
NTH,6,3.11.95,2N,UAL,LF,3.2,1,0,0,15,0,16,10,0,2,0,25,0,14,6,0,22,20,U,L
NTH,6,3.11.95,2N,UAL,MF,3.1,0,0,0,15,0,0,0,0,1,0,2,0,5,15,4,25,24,U,L
NTH,6,3.11.95,2N,UAL,RF,2.8,0,6,0,0,0,0,0,25,10,0,25,0,0,2,35,47,37,U,L
NTH,6,3.11.95,2N,UAL,RM,4.1,1,0,0,5,0,15,0,0,0,0,0,0,1,30,0,31,31,U,L
NTH,6,3.11.95,2N,UAL,RB,4.5,1,0,2,0,0,4.5,0,0,0,5,0,0,0,48,5,53,53,U,L
NTH,6,3.11.95,2N,UAL,MB,4.9,0,0,0,2,0,0,0,0,0,0,0,0,1,50,0,51,51,U,L
NTH,6,3.11.95,2N,UAL,LB,4.8,2,0,0,2,0,12.5,0,0,0,0,0,0,2,27,0,29,29,U,L
NTH,6,3.11.95,2N,UAL,LM,4.1,0,0,0,0,0,15,0,0,0,1,8,0,4,15,1,20,20,U,L
NTH,6,3.11.95,2N,UAL,UM,3.6,0,0,0,4,10,0,0,0,0,0,10,0,1,33,0,34,34,U,L
NTH,6,3.11.95,2N,UAL,DM,4.2,0,0,0,15,0,14,2,0,0,0,5,0,6,15,0,21,21,U,L
NTH,6,3.11.95,3N,AL,LF,3,4,4,0,25,0,0,0,1,0,0,10,0,0,15,2,17,17,C,L
NTH,6,3.11.95,3N,AL,MF,3.1,4,1,2,40,0,11,0,0,30,0,0,0,0,2,0,32,2,C,L
NTH,6,3.11.95,3N,AL,RF,3,4,0,0,30,0,20,0,0,10,0,2,10,2,4,0,16,6,C,L
NTH,6,3.11.95,3N,AL,RM,3.9,1,1,2,25,0,15,0,0,0,0,0,2,2,10,0,12,12,C,L
NTH,6,3.11.95,3N,AL,RB,4.2,5,0,0,4,0,15,0,0,0,0,4,2,0,15,1,16,16,C,L
NTH,6,3.11.95,3N,AL,MB,4.5,2,0,0,1,0,15,0,0,0,0,10,0,2,30,0,32,32,C,L
NTH,6,3.11.95,3N,AL,LB,4.6,6,0,1,35,0,11,0,0,0,0,0,0,0,6,0,6,6,C,L
NTH,6,3.11.95,3N,AL,LM,3.8,1,0,0,0,0,7.5,0,5,0,4,0,4,0,35,12,47,47,C,L
NTH,6,3.11.95,3N,AL,UM,3.6,0,0,0,15,0,13,0,0,0,0,0,0,0,40,0,40,40,C,L
NTH,6,3.11.95,3N,AL,DM,3.8,5,0,0,10,0,11,0,0,0,0,0,10,0,15,0,15,15,C,L
NTH,6,3.11.95,4N,U,LF,3.2,1,6,1,5,0,0,0,0,10,15,0,0,2,20,15,47,37,U,C
NTH,6,3.11.95,4N,U,MF,3.1,0,17,0,15,0,20,0,1,10,10,2,0,1,2,11,24,14,U,C
NTH,6,3.11.95,4N,U,RF,3.2,3,2,2,5,0,27.5,0,0,5,4,0,0,0,7,4,16,11,U,C
NTH,6,3.11.95,4N,U,RM,3.6,1,0,1,10,10,0,1,0,0,0,0,0,7,20,0,27,27,U,C
NTH,6,3.11.95,4N,U,RB,4.2,1,0,0,10,5,7.5,0,0,0,0,0,5,0,40,0,40,40,U,C
NTH,6,3.11.95,4N,U,MB,4.2,1,7,0,30,0,7.5,2,0,0,0,0,0,2,15,0,17,17,U,C
NTH,6,3.11.95,4N,U,LB,4.3,1,1,0,5,0,15,0,0,0,5,2,0,0,40,5,45,45,U,C
NTH,6,3.11.95,4N,U,LM,3.5,0,3,1,15,0,10,6,0,0,0,0,0,16,10,1,27,27,U,C
NTH,6,3.11.95,4N,U,UM,3.3,1,4,1,40,5,12.5,0,0,0,0,0,0,0,0,0,0,0,U,C
NTH,6,3.11.95,4N,U,DM,3.3,0,1,0,25,15,10,1,0,0,0,0,0,1,2,0,3,3,U,C
NTH,6,3.11.95,5N,C,LF,2.9,4,0,0,5,45,0,0,0,0,0,0,2,0,0,0,0,0,C,C
NTH,6,3.11.95,5N,C,MF,3.2,4,2,0,15,5,30,0,0,2,0,2,0,0,5,0,7,5,C,C
NTH,6,3.11.95,5N,C,RF,3.2,5,4,0,30,2,10,0,0,5,2,0,0,0,0,2,7,2,C,C
NTH,6,3.11.95,5N,C,RM,4.2,0,0,0,0,0,0,0,0,0,0,0,0,2,5,0,7,7,C,C
NTH,6,3.11.95,5N,C,RB,4.2,10,1,0,35,0,10,0,0,0,0,2,0,0,15,0,15,15,C,C
NTH,6,3.11.95,5N,C,MB,4.1,6,0,0,20,0,5,0,0,0,0,0,0,0,30,0,30,30,C,C
NTH,6,3.11.95,5N,C,LB,3.8,3,2,1,0,45,0,0,0,0,0,5,0,0,5,0,5,5,C,C
NTH,6,3.11.95,5N,C,LM,3.8,2,0,0,0,0,0,0,0,0,20,0,0,5,30,20,55,55,C,C
NTH,6,3.11.95,5N,C,UM,3.3,4,2,4,40,0,7,0,2,0,0,2,20,0,0,2,2,2,C,C
NTH,6,3.11.95,5N,C,DM,4,4,0,0,48,0,7.5,0,0,0,0,0,0,0,0,0,0,0,C,C
NTH,6,3.11.95,6N,AL,LF,3.3,5,2,1,30,0,15,0,0,0,0,15,0,0,0,0,0,0,C,L
NTH,6,3.11.95,6N,AL,MF,3.2,9,1,1,35,0,10,0,0,0,0,0,0,0,0,0,0,0,C,L
NTH,6,3.11.95,6N,AL,RF,3.5,5,2,0,35,0,10,0,0,0,0,0,0,0,0,0,0,0,C,L
NTH,6,3.11.95,6N,AL,RM,4.1,4,0,0,2,0,25,0,0,0,10,0,0,5,20,10,35,35,C,L
NTH,6,3.11.95,6N,AL,RB,4.6,0,0,0,2,0,15,0,0,0,0,0,0,4,25,0,29,29,C,L
NTH,6,3.11.95,6N,AL,MB,4.7,0,0,0,0,0,2.5,0,0,0,8,0,0,0,30,8,38,38,C,L
NTH,6,3.11.95,6N,AL,LB,4.5,0,0,0,2,0,0,0,0,0,8,0,0,0,45,8,53,53,C,L
NTH,6,3.11.95,6N,AL,LM,4.1,3,0,1,25,0,16,0,0,0,0,0,0,1,20,0,21,21,C,L
NTH,6,3.11.95,6N,AL,UM,3.3,2,9,0,6,0,15,0,0,0,0,0,0,4,10,0,14,14,C,L
NTH,6,3.11.95,6N,AL,DM,4.2,2,0,0,2,15,3,0,0,0,0,2,0,6,47,0,53,53,C,L
NTH,6,3.11.95,7N,U,LF,3.6,1,4,0,40,0,22.5,0,0,5,0,0,0,1,20,0,26,21,U,C
NTH,6,3.11.95,7N,U,MF,3.1,0,2,1,15,35,6,0,5,0,0,0,0,0,8,5,13,13,U,C
NTH,6,3.11.95,7N,U,RF,3.4,0,2,0,20,0,17.5,0,2,5,0,10,0,10,15,2,32,27,U,C
NTH,6,3.11.95,7N,U,RM,4.3,1,0,1,1,0,25,0,0,0,30,0,0,3,20,30,53,53,U,C
NTH,6,3.11.95,7N,U,RB,3.9,1,0,1,20,0,32.5,2,0,0,10,10,0,4,30,10,44,44,U,C
NTH,6,3.11.95,7N,U,MB,4.6,0,0,0,0,0,45,0,0,0,0,0,0,0,45,0,45,45,U,C
NTH,6,3.11.95,7N,U,LB,4.4,0,0,0,0,0,10,0,0,0,0,0,0,0,10,0,10,10,U,C
NTH,6,3.11.95,7N,U,LM,3.4,0,0,0,2,0,0,0,2,0,30,0,0,0,0,56,56,56,U,C
NTH,6,3.11.95,7N,U,UM,3.5,0,1,0,0,0,20,0,0,0,20,5,0,1,15,20,36,36,U,C
NTH,6,3.11.95,7N,U,DM,4.3,1,0,1,5,0,30,0,0,0,20,0,0,0,25,20,45,45,U,C
NTH,6,3.11.95,8N,UAL,LF,3.5,1,0,0,15,0,5,2,4,0,15,15,0,2,20,19,41,41,U,L
NTH,6,3.11.95,8N,UAL,MF,3.5,0,0,0,30,0,20,2,0,0,0,0,0,10,5,0,15,15,U,L
NTH,6,3.11.95,8N,UAL,RF,3.1,0,3,1,20,0,15,2,2,0,0,2,0,7,32,2,41,41,U,L
NTH,6,3.11.95,8N,UAL,RM,4.3,0,0,0,0,0,0,0,0,0,5,0,0,0,40,5,45,45,U,L
NTH,6,3.11.95,8N,UAL,RB,4.4,0,0,0,0,0,0,0,0,0,8,0,0,0,20,8,28,28,U,L
NTH,6,3.11.95,8N,UAL,MB,4.4,1,0,0,2,0,0,0,2,0,10,5,0,5,40,12,57,57,U,L
NTH,6,3.11.95,8N,UAL,LB,4.4,2,0,1,30,0,10,0,0,0,0,2,0,5,10,0,15,15,U,L
NTH,6,3.11.95,8N,UAL,LM,4.1,0,0,1,0,0,7.5,0,0,0,15,0,0,1,20,15,36,36,U,L
NTH,6,3.11.95,8N,UAL,UM,4,0,0,0,2,0,2.5,0,0,0,5,0,0,0,40,5,45,45,U,L
NTH,6,3.11.95,8N,UAL,DM,4.3,0,0,0,0,0,4.5,0,0,0,20,0,0,0,25,20,45,45,U,L
NTH,7,14.5.96,1N,C,LF,4,4,8,0,25,0,12,0,0,0,1,2,0,0,0,2,2,2,C,C
NTH,7,14.5.96,1N,C,MF,4,9,8,4,10,0,32,1,0,2,1,15,10,1,0,3,4,2,C,C
NTH,7,14.5.96,1N,C,RF,3.9,2,8,0,2,45,27,0,0,0,3,2,0,0,2,5,7,7,C,C
NTH,7,14.5.96,1N,C,RM,4.4,4,0,0,2,0,37,0,0,0,10,15,5,0,2,12,14,14,C,C
NTH,7,14.5.96,1N,C,RB,5.3,6,0,0,25,2,20,0,0,0,0,0,0,0,0,0,0,0,C,C
NTH,7,14.5.96,1N,C,MB,5.1,5,1,1,0,0,32,0,0,0,2,0,0,0,0,2,2,2,C,C
NTH,7,14.5.96,1N,C,LB,5.2,2,1,1,0,10,15,1,0,0,1,20,0,1,0,2,3,3,C,C
NTH,7,14.5.96,1N,C,LM,4.5,4,1,1,20,2,20,0,0,0,0,0,0,0,2,2,4,4,C,C
NTH,7,14.5.96,1N,C,UM,4.2,3,2,2,10,2,20,0,0,0,0,5,0,0,0,0,0,0,C,C
NTH,7,14.5.96,1N,C,DM,4.7,1,0,0,3,1,25,0,0,0,0,4,0,0,2,0,2,2,C,C
NTH,7,14.5.96,2N,UAL,LF,3.6,2,0,1,15,2,4,2,2,10,0,20,0,2,0,16,18,8,U,L
NTH,7,14.5.96,2N,UAL,MF,3.4,0,0,0,5,5,3,0,0,10,0,25,0,0,2,21,23,13,U,L
NTH,7,14.5.96,2N,UAL,RF,3.5,1,12,1,8,15,0,1,5,15,8,20,0,1,2,36,39,24,U,L
NTH,7,14.5.96,2N,UAL,RM,4.7,3,0,0,15,0,43,2,1,0,0,0,0,2,3,1,6,6,U,L
NTH,7,14.5.96,2N,UAL,RB,5.2,3,0,0,10,0,20,0,1,0,8,0,0,0,0,11,11,11,U,L
NTH,7,14.5.96,2N,UAL,MB,5.3,0,0,1,2,0,20,0,0,0,10,0,0,0,0,15,15,15,U,L
NTH,7,14.5.96,2N,UAL,LB,5.2,0,0,1,4,0,40,0,2,0,0,0,0,0,2,4,6,6,U,L
NTH,7,14.5.96,2N,UAL,LM,4.8,0,0,1,10,2,40,0,5,1,15,2,0,0,0,22,22,21,U,L
NTH,7,14.5.96,2N,UAL,UM,4.1,0,0,0,0,40,15,0,2,0,15,15,5,0,0,20,20,20,U,L
NTH,7,14.5.96,2N,UAL,DM,4.8,0,0,0,10,0,50,0,0,0,10,0,0,0,2,10,12,12,U,L
NTH,7,14.5.96,3N,AL,LF,3.6,4,2,0,5,1,22,1,0,10,0,30,0,1,0,14,15,5,C,L
NTH,7,14.5.96,3N,AL,MF,3.4,3,0,2,35,0,2,0,0,20,0,0,0,0,4,20,24,4,C,L
NTH,7,14.5.96,3N,AL,RF,3.3,2,2,1,40,0,7,0,2,30,0,5,0,0,0,32,32,2,C,L
NTH,7,14.5.96,3N,AL,RM,4.1,4,2,0,17,0,17,0,0,0,0,2,2,0,0,2,2,2,C,L
NTH,7,14.5.96,3N,AL,RB,4.6,1,0,0,15,0,22,0,0,0,0,15,5,0,0,0,0,0,C,L
NTH,7,14.5.96,3N,AL,MB,4.9,2,0,0,2,2,49,0,5,0,0,2,0,0,0,5,5,5,C,L
NTH,7,14.5.96,3N,AL,LB,5.1,2,2,0,15,0,35,0,0,0,0,5,0,0,1,0,1,1,C,L
NTH,7,14.5.96,3N,AL,LM,4.6,1,0,1,5,0,42,0,0,0,0,10,0,1,2,1,4,4,C,L
NTH,7,14.5.96,3N,AL,UM,3.8,5,2,0,15,0,22,0,2,0,0,20,0,0,0,4,4,4,C,L
NTH,7,14.5.96,3N,AL,DM,4.2,3,0,0,10,0,25,0,1,0,0,10,0,0,0,7,7,7,C,L
NTH,7,14.5.96,4N,U,LF,3.7,1,1,0,5,0,12,0,0,6,0,20,0,1,2,9,12,6,U,C
NTH,7,14.5.96,4N,U,MF,3.5,0,17,2,15,0,11,0,4,6,0,20,0,1,0,13,14,8,U,C
NTH,7,14.5.96,4N,U,RF,3.8,3,0,0,0,0,25,0,0,0,0,20,0,1,2,8,11,11,U,C
NTH,7,14.5.96,4N,U,RM,4.1,2,0,1,10,10,17,1,0,0,0,8,0,1,2,2,5,5,U,C
NTH,7,14.5.96,4N,U,RB,4.8,3,0,0,20,0,32,0,0,0,0,0,0,0,0,0,0,0,U,C
NTH,7,14.5.96,4N,U,MB,4.5,3,6,0,15,0,27,0,0,0,0,0,0,0,1,0,1,1,U,C
NTH,7,14.5.96,4N,U,LB,4.1,3,1,0,5,2,47,0,2,0,0,2,0,0,0,2,2,2,U,C
NTH,7,14.5.96,4N,U,LM,3.8,1,12,1,35,0,17,1,0,0,0,0,0,1,1,0,2,2,U,C
NTH,7,14.5.96,4N,U,UM,3.5,2,7,0,0,15,22,0,2,0,0,10,0,1,0,6,7,7,U,C
NTH,7,14.5.96,4N,U,DM,4.4,0,0,0,20,1,17,1,0,0,0,10,0,1,0,2,3,3,U,C
NTH,7,14.5.96,5N,C,LF,3.1,2,6,0,2,48,4,0,9,2,0,0,0,0,0,21,21,19,C,C
NTH,7,14.5.96,5N,C,MF,3.1,2,0,0,0,45,0,0,0,2,0,0,0,0,0,72,72,70,C,C
NTH,7,14.5.96,5N,C,RF,3.7,4,8,0,10,0,16,0,0,2,0,4,0,0,0,2,2,0,C,C
NTH,7,14.5.96,5N,C,RM,4.6,0,0,0,5,0,17,0,1,0,6,10,0,0,2,7,9,9,C,C
NTH,7,14.5.96,5N,C,RB,4.8,7,0,2,15,0,22,0,4,0,0,4,0,0,0,4,4,4,C,C
NTH,7,14.5.96,5N,C,MB,4.4,6,0,0,3,0,42,0,0,0,0,0,0,0,0,0,0,0,C,C
NTH,7,14.5.96,5N,C,LB,4.4,9,2,2,10,2,22,0,0,0,0,15,0,0,0,0,0,0,C,C
NTH,7,14.5.96,5N,C,LM,4.1,5,2,2,10,0,42,0,0,0,2,0,2,0,0,3,3,3,C,C
NTH,7,14.5.96,5N,C,UM,3.7,3,3,0,15,0,17,0,0,0,0,0,0,0,0,0,0,0,C,C
NTH,7,14.5.96,5N,C,DM,4.5,4,2,0,0,2,32,1,0,0,2,0,0,1,0,4,5,5,C,C
NTH,7,14.5.96,6N,AL,LF,4.3,3,1,0,15,0,49,0,0,0,1,0,0,0,0,5,5,5,C,L
NTH,7,14.5.96,6N,AL,MF,3.7,8,0,1,25,0,4,0,0,0,0,4,4,0,2,0,2,2,C,L
NTH,7,14.5.96,6N,AL,RF,3.7,2,2,1,25,0,17,0,0,2,0,0,0,0,2,2,4,2,C,L
NTH,7,14.5.96,6N,AL,RM,4.4,5,0,0,10,0,15,0,0,0,15,0,0,0,0,17,17,17,C,L
NTH,7,14.5.96,6N,AL,RB,5,0,0,0,4,0,22,0,0,0,0,0,0,0,0,0,0,0,C,L
NTH,7,14.5.96,6N,AL,MB,5,2,0,0,0,0,5,0,0,0,2,0,0,0,0,2,2,2,C,L
NTH,7,14.5.96,6N,AL,LB,4.7,9,0,0,8,0,16,0,0,0,5,5,2,0,0,5,5,5,C,L
NTH,7,14.5.96,6N,AL,LM,4.3,5,0,0,2,0,36,1,0,0,10,30,0,1,0,10,11,11,C,L
NTH,7,14.5.96,6N,AL,UM,4.1,6,0,0,2,0,52,0,0,0,0,0,0,0,2,4,6,6,C,L
NTH,7,14.5.96,6N,AL,DM,4.6,0,0,0,2,0,37,0,0,0,2,2,0,0,0,12,12,12,C,L
NTH,7,14.5.96,7N,U,LF,3.7,2,2,0,10,0,10,0,0,10,6,10,0,0,0,22,22,12,U,C
NTH,7,14.5.96,7N,U,MF,3.5,0,6,0,10,30,10,1,3,10,0,10,0,1,0,14,15,5,U,C
NTH,7,14.5.96,7N,U,RF,3.6,0,5,0,20,0,17,0,2,8,0,20,0,0,0,15,15,7,U,C
NTH,7,14.5.96,7N,U,RM,4.4,0,0,0,0,0,5,0,0,0,35,0,10,0,0,37,37,37,U,C
NTH,7,14.5.96,7N,U,RB,4.3,2,0,0,10,10,22,0,0,0,25,10,0,1,0,29,30,30,U,C
NTH,7,14.5.96,7N,U,MB,5,0,0,0,15,0,0,0,0,0,15,15,0,0,2,15,17,17,U,C
NTH,7,14.5.96,7N,U,LB,5.1,0,0,0,0,0,5,0,0,0,0,0,0,0,0,0,0,0,U,C
NTH,7,14.5.96,7N,U,LM,4.1,0,0,0,15,0,20,0,5,0,15,15,0,0,4,44,48,48,U,C
NTH,7,14.5.96,7N,U,UM,4.4,0,0,2,5,0,0,0,0,0,35,5,0,0,0,35,35,35,U,C
NTH,7,14.5.96,7N,U,DM,4.8,0,1,0,0,0,0,0,0,0,40,0,0,0,0,40,40,40,U,C
NTH,7,14.5.96,8N,UAL,LF,4,1,0,1,10,0,10,0,5,10,15,20,0,0,0,35,35,25,U,L
NTH,7,14.5.96,8N,UAL,MF,4.2,0,0,1,15,5,20,0,0,5,10,15,2,0,0,18,18,13,U,L
NTH,7,14.5.96,8N,UAL,RF,3.6,0,7,0,25,0,20,0,0,15,0,0,0,0,5,34,39,24,U,L
NTH,7,14.5.96,8N,UAL,RM,4.8,0,0,0,4,2,25,0,0,0,15,15,0,0,0,18,18,18,U,L
NTH,7,14.5.96,8N,UAL,RB,5,0,0,0,3,2,10,0,0,2,2,0,20,0,0,4,4,2,U,L
NTH,7,14.5.96,8N,UAL,MB,5.1,3,0,0,4,0,10,0,0,0,15,0,10,0,0,17,17,17,U,L
NTH,7,14.5.96,8N,UAL,LB,5,3,0,0,10,3,45,0,0,0,0,0,0,0,0,0,0,0,U,L
NTH,7,14.5.96,8N,UAL,LM,4.9,1,0,0,5,0,32,0,0,0,20,10,0,0,0,24,24,24,U,L
NTH,7,14.5.96,8N,UAL,UM,4.5,1,0,0,10,0,37,0,2,0,30,5,0,0,0,42,42,42,U,L
NTH,7,14.5.96,8N,UAL,DM,4.9,0,0,1,5,0,0,0,0,0,25,10,0,0,0,25,25,25,U,L
STH,6,8.11.95,WS,CC,LF,2.4,0,38,0,40,5,0,0,0,0,0,0,2,0,3,0,3,3,C,C
STH,6,8.11.95,WS,CC,MF,2.5,5,32,0,40,0,0,0,0,0,0,0,2,0,2,0,2,2,C,C
STH,6,8.11.95,WS,CC,RF,2.5,4,23,0,30,2,7,0,0,0,0,0,2,0,0,0,0,0,C,C
STH,6,8.11.95,WS,CC,RM,3.1,6,3,1,15,0,12,0,0,0,0,0,0,0,0,0,0,0,C,C
STH,6,8.11.95,WS,CC,RB,3.7,6,0,1,10,0,22,0,0,0,0,0,0,0,0,0,0,0,C,C
STH,6,8.11.95,WS,CC,MB,3.6,3,0,1,10,0,18,0,0,0,0,0,0,0,0,0,0,0,C,C
STH,6,8.11.95,WS,CC,LB,3.5,1,4,1,15,0,12,0,0,0,0,0,0,0,0,0,0,0,C,C
STH,6,8.11.95,WS,CC,LM,2.9,3,6,1,20,0,2,1,0,0,0,0,2,1,0,0,1,1,C,C
STH,6,8.11.95,WS,CC,UM,3,6,6,1,40,0,2,0,0,0,0,0,0,0,0,0,0,0,C,C
STH,6,8.11.95,WS,CC,DM,3.3,2,2,0,15,0,15,0,0,0,0,0,0,0,4,0,4,4,C,C
NTH,6,8.11.95,SN,CC,LF,3,2,15,0,25,15,4,1,0,0,0,0,0,1,18,1,20,20,C,C
NTH,6,8.11.95,SN,CC,MF,3,4,43,0,20,0,25,0,0,0,0,0,0,4,0,0,4,4,C,C
NTH,6,8.11.95,SN,CC,RF,3,7,9,1,15,0,10,0,0,0,0,0,0,0,10,0,10,10,C,C
NTH,6,8.11.95,SN,CC,RM,3.6,4,15,0,20,0,6,0,0,0,0,0,0,0,0,0,0,0,C,C
NTH,6,8.11.95,SN,CC,RB,4.1,3,1,0,15,0,11,0,0,0,0,0,0,4,35,0,39,39,C,C
NTH,6,8.11.95,SN,CC,MB,4.3,2,1,0,5,0,20,0,0,0,0,0,0,0,20,0,20,20,C,C
NTH,6,8.11.95,SN,CC,LB,4.8,2,0,2,2,0,10,0,0,0,0,0,0,0,30,0,30,30,C,C
NTH,6,8.11.95,SN,CC,LM,4.4,4,2,0,10,10,10,0,0,0,0,0,0,0,15,0,15,15,C,C
NTH,6,8.11.95,SN,CC,UM,4.2,3,1,0,5,0,10,0,0,0,0,0,0,6,30,0,36,36,C,C
NTH,6,8.11.95,SN,CC,DM,4.3,2,0,1,20,0,20,0,0,0,0,0,0,2,25,0,27,27,C,C
NTH,6,8.11.95,NN,CC,LF,3.2,3,13,0,20,15,0,0,2,0,0,0,0,0,2,2,4,4,C,C
NTH,6,8.11.95,NN,CC,MF,3,3,14,0,0,0,35,0,0,0,0,0,0,0,5,0,5,5,C,C
NTH,6,8.11.95,NN,CC,RF,3.3,6,1,0,30,0,25,2,0,0,0,0,0,2,2,0,4,4,C,C
NTH,6,8.11.95,NN,CC,RM,3.6,4,4,0,25,0,10,0,0,0,0,0,0,0,5,2,7,7,C,C
NTH,6,8.11.95,NN,CC,RB,4.2,7,4,4,5,0,21,0,0,0,0,2,0,0,35,0,35,35,C,C
NTH,6,8.11.95,NN,CC,MB,4.1,2,0,0,5,0,30,0,0,0,0,0,0,0,30,0,30,30,C,C
NTH,6,8.11.95,NN,CC,LB,4.3,2,2,1,5,0,20,0,0,0,0,5,0,0,25,0,25,25,C,C
NTH,6,8.11.95,NN,CC,LM,3.5,1,8,1,10,20,0,0,0,0,0,0,0,0,8,0,8,8,C,C
NTH,6,8.11.95,NN,CC,UM,3.2,5,13,0,40,0,10,0,0,0,0,0,0,0,0,0,0,0,C,C
NTH,6,8.11.95,NN,CC,DM,3.5,8,9,0,40,0,2,0,0,0,0,0,0,0,0,0,0,0,C,C
